doc_id,span_idx,label,value,context,verdict,correct_label,note
openpii-20951822,0,GIVENNAME,Helynna,"…nt form requires the following personal details: full name («Helynna» Iwaszczuk Leer Weissenberg), date of birth (June 10th, 1963…",,,
openpii-20951822,1,SURNAME,Iwaszczuk Leer Weissenberg,"…requires the following personal details: full name (Helynna «Iwaszczuk Leer Weissenberg»), date of birth (June 10th, 1963), and identification numbe…",,,
openpii-20951822,2,DATE,"June 10th, 1963","…l name (Helynna Iwaszczuk Leer Weissenberg), date of birth («June 10th, 1963»), and identification number (DO84EJT51U). For liability pur…",,,
openpii-20951822,3,IDCARDNUM,DO84EJT51U,"…date of birth (June 10th, 1963), and identification number («DO84EJT51U»). For liability purposes, we also collect your driver’s lic…",,,
openpii-20951822,4,DRIVERLICENSENUM,ZL6DMOSIK7,"…ity purposes, we also collect your driver’s license number («ZL6DMOSIK7»), social security number (1984120604), and tax identificati…",,,
openpii-20951822,5,SOCIALNUM,1984120604,"…iver’s license number (ZL6DMOSIK7), social security number («1984120604»), and tax identification (7989029695). All information will…",,,
openpii-20951822,6,TAXNUM,7989029695,"…ocial security number (1984120604), and tax identification («7989029695»). All information will be stored securely at our facility l…",,,
openpii-20951822,7,BUILDINGNUM,4837,"…ormation will be stored securely at our facility located at «4837» Horseshoe Bay - Departure Bay, Louiseville B0N.…",,,
openpii-20951822,8,STREET,Horseshoe Bay - Departure Bay,"…ion will be stored securely at our facility located at 4837 «Horseshoe Bay - Departure Bay», Louiseville B0N.…",,,
openpii-20951822,9,CITY,Louiseville,"…our facility located at 4837 Horseshoe Bay - Departure Bay, «Louiseville» B0N.…",,,
openpii-20951822,10,ZIPCODE,B0N,"… located at 4837 Horseshoe Bay - Departure Bay, Louiseville «B0N».…",,,
openpii-21069669,0,TITLE,Master,"… sign the passenger manifest, which includes fields such as «Master» Liël Rajaonarivo's 25/06/2013 and Transgender. This informa…",,,
openpii-21069669,1,GIVENNAME,Liël,"…he passenger manifest, which includes fields such as Master «Liël» Rajaonarivo's 25/06/2013 and Transgender. This information …",,,
openpii-21069669,2,SURNAME,Rajaonarivo,"…ssenger manifest, which includes fields such as Master Liël «Rajaonarivo»'s 25/06/2013 and Transgender. This information helps the cr…",,,
openpii-21069669,3,DATE,25/06/2013,"…st, which includes fields such as Master Liël Rajaonarivo's «25/06/2013» and Transgender. This information helps the crew tailor the…",,,
openpii-21069669,4,GENDER,Transgender,…des fields such as Master Liël Rajaonarivo's 25/06/2013 and «Transgender». This information helps the crew tailor the safety briefing…,,,
openpii-21069669,5,SEX,F,…elps the crew tailor the safety briefing to accommodate all «F» and age groups. The manifest will be archived securely and …,,,
openpii-21069669,6,EMAIL,marverdonnet@tutanota.com,"…icer. If any detail changes before departure, update us via «marverdonnet@tutanota.com» or call +115 13 669.0277.…",,,
openpii-21069669,7,TELEPHONENUM,+115 13 669.0277,"… departure, update us via marverdonnet@tutanota.com or call «+115 13 669.0277».…",,,
openpii-21066300,0,TITLE,Mr,"…t for Biomechanical Assessment Data – Expedition Gear  Dear «Mr» Sondej Vilá,  We are preparing the upcoming Oceanic Deep‑Di…",,,
openpii-21066300,1,SURNAME,Sondej Vilá,"…or Biomechanical Assessment Data – Expedition Gear  Dear Mr «Sondej Vilá»,  We are preparing the upcoming Oceanic Deep‑Dive Mission s…",,,
openpii-21066300,2,DATE,April/66,…paring the upcoming Oceanic Deep‑Dive Mission scheduled for «April/66» and require detailed biomechanical performance metrics for …,,,
openpii-21066300,3,GIVENNAME,Harzije Milenka,"… fatigue ratings, and the ergonomic assessment conducted by «Harzije Milenka» Lovsin (ID: 66384553252) in your latest report. Additionall…",,,
openpii-21066300,4,SURNAME,Lovsin,"…, and the ergonomic assessment conducted by Harzije Milenka «Lovsin» (ID: 66384553252) in your latest report. Additionally, incl…",,,
openpii-21066300,5,IDCARDNUM,66384553252,"…gonomic assessment conducted by Harzije Milenka Lovsin (ID: «66384553252») in your latest report. Additionally, include the certifica…",,,
openpii-21066300,6,DRIVERLICENSENUM,65432630,"…st report. Additionally, include the certification numbers («65432630» and 097694235) of all field engineers who performed the sea…",,,
openpii-21066300,7,PASSPORTNUM,097694235,"…ditionally, include the certification numbers (65432630 and «097694235») of all field engineers who performed the sea‑trial, as wel…",,,
openpii-21066300,8,EMAIL,26L@tutanota.com,"…formed the sea‑trial, as well as their contact information («26L@tutanota.com» and 094.806.9832).  The data should be submitted by the end…",,,
openpii-21066300,9,TELEPHONENUM,094.806.9832,… as well as their contact information (26L@tutanota.com and «094.806.9832»).  The data should be submitted by the end of business on S…,,,
openpii-21066300,10,DATE,September/94,…2).  The data should be submitted by the end of business on «September/94» to ensure integration into our simulation models before the…,,,
openpii-21066300,11,DATE,1941-05-03T00:00:00,"…o our simulation models before the final gear validation on «1941-05-03T00:00:00». If you have any questions, feel free to reach out to me di…",,,
openpii-21066300,12,EMAIL,2024L@outlook.com,"…ave any questions, feel free to reach out to me directly at «2024L@outlook.com» or call my office line at 0787 00425025.  Thank you for you…",,,
openpii-21066300,13,TELEPHONENUM,0787 00425025,… me directly at 2024L@outlook.com or call my office line at «0787 00425025».  Thank you for your prompt attention to this matter.  Sinc…,,,
openpii-21066300,14,TITLE,Master,"…k you for your prompt attention to this matter.  Sincerely, «Master» Denisa-Elena Sanida Schneidereit Sahakian Marine Biomechani…",,,
openpii-21066300,15,GIVENNAME,Denisa-Elena Sanida,"…or your prompt attention to this matter.  Sincerely, Master «Denisa-Elena Sanida» Schneidereit Sahakian Marine Biomechanics Unit Bellina Cany…",,,
openpii-21066300,16,SURNAME,Schneidereit Sahakian,"…tion to this matter.  Sincerely, Master Denisa-Elena Sanida «Schneidereit Sahakian» Marine Biomechanics Unit Bellina Canyon Road 255 40241 Seba…",,,
openpii-21066300,17,STREET,Bellina Canyon Road,…Elena Sanida Schneidereit Sahakian Marine Biomechanics Unit «Bellina Canyon Road» 255 40241 Sebastopol…,,,
openpii-21066300,18,BUILDINGNUM,255,…ereit Sahakian Marine Biomechanics Unit Bellina Canyon Road «255» 40241 Sebastopol…,,,
openpii-21066300,19,ZIPCODE,40241,…t Sahakian Marine Biomechanics Unit Bellina Canyon Road 255 «40241» Sebastopol…,,,
openpii-21066300,20,CITY,Sebastopol,…kian Marine Biomechanics Unit Bellina Canyon Road 255 40241 «Sebastopol»…,,,
openpii-20930130,0,TITLE,Master,"…In this brief essay, «Master» Melchor Bordelo explores the lived reality of invisible ill…",,,
openpii-20930130,1,GIVENNAME,Melchor,"…In this brief essay, Master «Melchor» Bordelo explores the lived reality of invisible illnesses, …",,,
openpii-20930130,2,SURNAME,Bordelo,"…In this brief essay, Master Melchor «Bordelo» explores the lived reality of invisible illnesses, noting t…",,,
openpii-20930130,3,DATE,August/03,"…s often arrives after years of unexplained fatigue. Born on «August/03» (currently 12 years old) and identifying as M, the author e…",,,
openpii-20930130,4,AGE,12,"… years of unexplained fatigue. Born on August/03 (currently «12» years old) and identifying as M, the author emphasizes the …",,,
openpii-20930130,5,SEX,M,"…rn on August/03 (currently 12 years old) and identifying as «M», the author emphasizes the importance of empathy over assum…",,,
openpii-20990209,0,GIVENNAME,Nicodème Rustum,…Claim Form – Section 2: Policy Holder: «Nicodème Rustum» Mohamady Date of Birth: 29/10/1940 Contact Email: 1945SS@pr…,,,
openpii-20990209,1,SURNAME,Mohamady,…Claim Form – Section 2: Policy Holder: Nicodème Rustum «Mohamady» Date of Birth: 29/10/1940 Contact Email: 1945SS@protonmail.…,,,
openpii-20990209,2,DATE,29/10/1940,…n 2: Policy Holder: Nicodème Rustum Mohamady Date of Birth: «29/10/1940» Contact Email: 1945SS@protonmail.com Phone: +8.300-447.7097…,,,
openpii-20990209,3,EMAIL,1945SS@protonmail.com,"…me Rustum Mohamady Date of Birth: 29/10/1940 Contact Email: «1945SS@protonmail.com» Phone: +8.300-447.7097 Address: 4141 Northwick Road, Leek A…",,,
openpii-20990209,4,TELEPHONENUM,+8.300-447.7097,"…rth: 29/10/1940 Contact Email: 1945SS@protonmail.com Phone: «+8.300-447.7097» Address: 4141 Northwick Road, Leek AL5…",,,
openpii-20990209,5,BUILDINGNUM,4141,"…mail: 1945SS@protonmail.com Phone: +8.300-447.7097 Address: «4141» Northwick Road, Leek AL5…",,,
openpii-20990209,6,STREET,Northwick Road,"… 1945SS@protonmail.com Phone: +8.300-447.7097 Address: 4141 «Northwick Road», Leek AL5…",,,
openpii-20990209,7,CITY,Leek,"…il.com Phone: +8.300-447.7097 Address: 4141 Northwick Road, «Leek» AL5…",,,
openpii-20990209,8,ZIPCODE,AL5,"…m Phone: +8.300-447.7097 Address: 4141 Northwick Road, Leek «AL5»…",,,
openpii-20929106,0,TITLE,Mayor,"…Dear «Mayor» Semse Hensky Rennie, our latest ergonomic shoe inserts, des…",,,
openpii-20929106,1,GIVENNAME,Semse,"…Dear Mayor «Semse» Hensky Rennie, our latest ergonomic shoe inserts, designed …",,,
openpii-20929106,2,SURNAME,Hensky Rennie,"…Dear Mayor Semse «Hensky Rennie», our latest ergonomic shoe inserts, designed based on your …",,,
openpii-20929106,3,DATE,23/09/2016,"…e inserts, designed based on your recent foot assessment on «23/09/2016», can reduce pressure on the arch by up to 30%; to schedule …",,,
openpii-20929106,4,EMAIL,osagianfelic@gmail.com,"…e a fitting, please confirm your preferred time by emailing «osagianfelic@gmail.com» or calling +90 29 061.1267 and provide your 62 and Female d…",,,
openpii-20929106,5,TELEPHONENUM,+90 29 061.1267,…referred time by emailing osagianfelic@gmail.com or calling «+90 29 061.1267» and provide your 62 and Female details for a personalized f…,,,
openpii-20929106,6,AGE,62,…felic@gmail.com or calling +90 29 061.1267 and provide your «62» and Female details for a personalized fit; delivery will be…,,,
openpii-20929106,7,SEX,Female,…mail.com or calling +90 29 061.1267 and provide your 62 and «Female» details for a personalized fit; delivery will be made to 24…,,,
openpii-20929106,8,BUILDINGNUM,2497,"…le details for a personalized fit; delivery will be made to «2497» Range Road 71, Aylmer T0L by 30th March 2020, and a complim…",,,
openpii-20929106,9,STREET,Range Road 71,"…tails for a personalized fit; delivery will be made to 2497 «Range Road 71», Aylmer T0L by 30th March 2020, and a complimentary care gu…",,,
openpii-20929106,10,CITY,Aylmer,"…sonalized fit; delivery will be made to 2497 Range Road 71, «Aylmer» T0L by 30th March 2020, and a complimentary care guide will…",,,
openpii-20929106,11,ZIPCODE,T0L,"…ed fit; delivery will be made to 2497 Range Road 71, Aylmer «T0L» by 30th March 2020, and a complimentary care guide will be …",,,
openpii-20929106,12,DATE,30th March 2020,"… delivery will be made to 2497 Range Road 71, Aylmer T0L by «30th March 2020», and a complimentary care guide will be included.…",,,
openpii-21059556,0,GIVENNAME,Dietgard Ashanty,"…Hello «Dietgard Ashanty», Your personal profile for the ""Cybersecurity Fundamentals""…",,,
openpii-21059556,1,TELEPHONENUM,+66 13.739.9173,"… can update your contact details, such as your phone number «+66 13.739.9173» and mailing address at Fern Valley Road 6042, Bay Village 5…",,,
openpii-21059556,2,STREET,Fern Valley Road,"…as your phone number +66 13.739.9173 and mailing address at «Fern Valley Road» 6042, Bay Village 53505, once you log in with your user ID …",,,
openpii-21059556,3,BUILDINGNUM,6042,"…ber +66 13.739.9173 and mailing address at Fern Valley Road «6042», Bay Village 53505, once you log in with your user ID 24796…",,,
openpii-21059556,4,CITY,Bay Village,"…6 13.739.9173 and mailing address at Fern Valley Road 6042, «Bay Village» 53505, once you log in with your user ID 247960953076.…",,,
openpii-21059556,5,ZIPCODE,53505,"…3 and mailing address at Fern Valley Road 6042, Bay Village «53505», once you log in with your user ID 247960953076.…",,,
openpii-21059556,6,IDCARDNUM,247960953076,"… 6042, Bay Village 53505, once you log in with your user ID «247960953076».…",,,
openpii-21066532,0,STREET,Brokaw Ranch Road,…Your virtual outfit preview will appear on «Brokaw Ranch Road» near building 147 at 3 pm on 24th January 1982; confirm you…,,,
openpii-21066532,1,BUILDINGNUM,147,…tfit preview will appear on Brokaw Ranch Road near building «147» at 3 pm on 24th January 1982; confirm your attendance via p…,,,
openpii-21066532,2,DATE,24th January 1982,…ll appear on Brokaw Ranch Road near building 147 at 3 pm on «24th January 1982»; confirm your attendance via phone at +13.74-802-5562.…,,,
openpii-21066532,3,TELEPHONENUM,+13.74-802-5562,… on 24th January 1982; confirm your attendance via phone at «+13.74-802-5562».…,,,
openpii-20982361,0,CREDITCARDNUMBER,3161141144208357938,…ot now; payment can be made with your credit card ending in «3161141144208357938» or via ADLIN-792266-AC-161 verification.…,,,
openpii-20982361,1,DRIVERLICENSENUM,ADLIN-792266-AC-161,… with your credit card ending in 3161141144208357938 or via «ADLIN-792266-AC-161» verification.…,,,
openpii-20950127,0,DATE,08/10/1966,…Chat (Team Slack) «08/10/1966» Jaskaran Áedán: 'Has anyone tested the new precautionary sa…,,,
openpii-20950127,1,GIVENNAME,Jaskaran Áedán,…Chat (Team Slack) 08/10/1966 «Jaskaran Áedán»: 'Has anyone tested the new precautionary savings algorithm…,,,
openpii-20950127,2,DATE,October/89,…Has anyone tested the new precautionary savings algorithm?' «October/89» Reshit Abdelaali Philibert Khoshideh: 'Just ran a simulatio…,,,
openpii-20950127,3,GIVENNAME,Reshit Abdelaali,…tested the new precautionary savings algorithm?' October/89 «Reshit Abdelaali» Philibert Khoshideh: 'Just ran a simulation – it earmarked …,,,
openpii-20950127,4,SURNAME,Philibert Khoshideh,…ecautionary savings algorithm?' October/89 Reshit Abdelaali «Philibert Khoshideh»: 'Just ran a simulation – it earmarked $4448469755757057 fr…,,,
openpii-20950127,5,CREDITCARDNUMBER,4448469755757057,…Philibert Khoshideh: 'Just ran a simulation – it earmarked $«4448469755757057» from my monthly salary and saved it automatically.' March/0…,,,
openpii-20950127,6,DATE,March/03,…5757057 from my monthly salary and saved it automatically.' «March/03» Sibille: 'Cool! Does it need a driver’s license number for …,,,
openpii-20950127,7,GIVENNAME,Sibille,…rom my monthly salary and saved it automatically.' March/03 «Sibille»: 'Cool! Does it need a driver’s license number for verifica…,,,
openpii-20950127,8,DATE,January/12,"…! Does it need a driver’s license number for verification?' «January/12» Rabihe Rajasivam: 'Yes, provide your 52A3THT5HQ and 76099 7…",,,
openpii-20950127,9,GIVENNAME,Rabihe,"…eed a driver’s license number for verification?' January/12 «Rabihe» Rajasivam: 'Yes, provide your 52A3THT5HQ and 76099 70170 to…",,,
openpii-20950127,10,SURNAME,Rajasivam,"…river’s license number for verification?' January/12 Rabihe «Rajasivam»: 'Yes, provide your 52A3THT5HQ and 76099 70170 to complete …",,,
openpii-20950127,11,DRIVERLICENSENUM,52A3THT5HQ,"…ification?' January/12 Rabihe Rajasivam: 'Yes, provide your «52A3THT5HQ» and 76099 70170 to complete activation.'…",,,
openpii-20950127,12,TAXNUM,76099 70170,"…uary/12 Rabihe Rajasivam: 'Yes, provide your 52A3THT5HQ and «76099 70170» to complete activation.'…",,,
openpii-20928535,0,TITLE,Mrs,…ernal Report – Forecasting Debt Service Ratios Prepared by: «Mrs» Yas Poeffel Date: 23/02/2002  Executive Summary: The projec…,,,
openpii-20928535,1,GIVENNAME,Yas,…l Report – Forecasting Debt Service Ratios Prepared by: Mrs «Yas» Poeffel Date: 23/02/2002  Executive Summary: The projected …,,,
openpii-20928535,2,SURNAME,Poeffel,…port – Forecasting Debt Service Ratios Prepared by: Mrs Yas «Poeffel» Date: 23/02/2002  Executive Summary: The projected 6‑month …,,,
openpii-20928535,3,DATE,23/02/2002,…ting Debt Service Ratios Prepared by: Mrs Yas Poeffel Date: «23/02/2002»  Executive Summary: The projected 6‑month depreciation scen…,,,
openpii-20928535,4,AGE,9,"…ivity analysis incorporates variables such as borrower age («9»), gender (Genderqueer), and regional exposure (e.g., borrow…",,,
openpii-20928535,5,GENDER,Genderqueer,"…is incorporates variables such as borrower age (9), gender («Genderqueer»), and regional exposure (e.g., borrowers in Tsuut'ina vs. C…",,,
openpii-20928535,6,CITY,Tsuut'ina,"…er (Genderqueer), and regional exposure (e.g., borrowers in «Tsuut'ina» vs. Cambridge).  Recommendations include instituting a hedg…",,,
openpii-20928535,7,CITY,Cambridge,"…r), and regional exposure (e.g., borrowers in Tsuut'ina vs. «Cambridge»).  Recommendations include instituting a hedging program fo…",,,
openpii-20958055,0,TITLE,Miss,"…Dear «Miss» Beki Dimcovski Möbus, our latest guide to autumn foliage sp…",,,
openpii-20958055,1,GIVENNAME,Beki,"…Dear Miss «Beki» Dimcovski Möbus, our latest guide to autumn foliage spots h…",,,
openpii-20958055,2,SURNAME,Dimcovski Möbus,"…Dear Miss Beki «Dimcovski Möbus», our latest guide to autumn foliage spots highlights the go…",,,
openpii-20958055,3,CITY,Cambridge,…uide to autumn foliage spots highlights the golden lanes of «Cambridge» where the trees along Beesonend Lane 2909 turn a fiery oran…,,,
openpii-20958055,4,STREET,Beesonend Lane,…hlights the golden lanes of Cambridge where the trees along «Beesonend Lane» 2909 turn a fiery orange; the address is completed by the p…,,,
openpii-20958055,5,BUILDINGNUM,2909,…den lanes of Cambridge where the trees along Beesonend Lane «2909» turn a fiery orange; the address is completed by the postco…,,,
openpii-20958055,6,ZIPCODE,NR17,"…rn a fiery orange; the address is completed by the postcode «NR17» for easy navigation. For further details, please email us a…",,,
openpii-20958055,7,EMAIL,CW@hotmail.com,"…or easy navigation. For further details, please email us at «CW@hotmail.com» or call our helpline on 073.037 5558 before the deadline of…",,,
openpii-20958055,8,TELEPHONENUM,073.037 5558,"…, please email us at CW@hotmail.com or call our helpline on «073.037 5558» before the deadline of 19/09/2025.…",,,
openpii-20958055,9,DATE,19/09/2025,…or call our helpline on 073.037 5558 before the deadline of «19/09/2025».…,,,
openpii-20946021,0,GIVENNAME,Bjarni,"…After the unexpected staff shortage, «Bjarni» proposed cross‑training sessions that leverage the expertis…",,,
openpii-20946021,1,DATE,"May 22nd, 1989","…everage the expertise of senior members, scheduling them on «May 22nd, 1989» at the training room on Morin Road #1060, and requesting ap…",,,
openpii-20946021,2,STREET,Morin Road,"…, scheduling them on May 22nd, 1989 at the training room on «Morin Road» #1060, and requesting approval from HR via a memo signed wi…",,,
openpii-20946021,3,BUILDINGNUM,1060,"… them on May 22nd, 1989 at the training room on Morin Road #«1060», and requesting approval from HR via a memo signed with Noj…",,,
openpii-20946021,4,GIVENNAME,Nojan,"…060, and requesting approval from HR via a memo signed with «Nojan»’s 0655926396.…",,,
openpii-20946021,5,SOCIALNUM,0655926396,… requesting approval from HR via a memo signed with Nojan’s «0655926396».…,,,
openpii-21094132,0,GENDER,Two-spirit,…Your gender is recorded as «Two-spirit» and sex as M; please confirm if this is correct.…,,,
openpii-21094132,1,SEX,M,…Your gender is recorded as Two-spirit and sex as «M»; please confirm if this is correct.…,,,
openpii-20953727,0,TITLE,Mrs,…«Mrs» Lise-Marie Benmahmoud of the Scarborough Astrophysics Insti…,,,
openpii-20953727,1,GIVENNAME,Lise-Marie,…Mrs «Lise-Marie» Benmahmoud of the Scarborough Astrophysics Institute shared…,,,
openpii-20953727,2,SURNAME,Benmahmoud,…Mrs Lise-Marie «Benmahmoud» of the Scarborough Astrophysics Institute shared a white dw…,,,
openpii-20953727,3,CITY,Scarborough,…Mrs Lise-Marie Benmahmoud of the «Scarborough» Astrophysics Institute shared a white dwarf cooling map on …,,,
openpii-20953727,4,DATE,12th October 2023,… Astrophysics Institute shared a white dwarf cooling map on «12th October 2023».…,,,
openpii-21094631,0,TITLE,Master,…«Master» Weiping Neige Poulat recommends setting the bedroom tempera…,,,
openpii-21094631,1,GIVENNAME,Weiping Neige,"…Master «Weiping Neige» Poulat recommends setting the bedroom temperature to 68°F, …",,,
openpii-21094631,2,SURNAME,Poulat,"…Master Weiping Neige «Poulat» recommends setting the bedroom temperature to 68°F, install…",,,
openpii-21094631,3,STREET,Avenue 23 1/2,"…edroom temperature to 68°F, installing blackout curtains at «Avenue 23 1/2» 7994 in Rosharon, and using a white‑noise machine to optimi…",,,
openpii-21094631,4,BUILDINGNUM,7994,"…ture to 68°F, installing blackout curtains at Avenue 23 1/2 «7994» in Rosharon, and using a white‑noise machine to optimize th…",,,
openpii-21094631,5,CITY,Rosharon,"…68°F, installing blackout curtains at Avenue 23 1/2 7994 in «Rosharon», and using a white‑noise machine to optimize the sleep envi…",,,
openpii-21058096,0,GIVENNAME,Kiira Semiran,…Ventilation System Installation Form Applicant Name: «Kiira Semiran» Fabien Title: Madame Date of Birth: August/08 Contact Email…,,,
openpii-21058096,1,SURNAME,Fabien,…tion System Installation Form Applicant Name: Kiira Semiran «Fabien» Title: Madame Date of Birth: August/08 Contact Email: AN@ou…,,,
openpii-21058096,2,TITLE,Madame,…stallation Form Applicant Name: Kiira Semiran Fabien Title: «Madame» Date of Birth: August/08 Contact Email: AN@outlook.com Phon…,,,
openpii-21058096,3,DATE,August/08,…ant Name: Kiira Semiran Fabien Title: Madame Date of Birth: «August/08» Contact Email: AN@outlook.com Phone Number: +19-52-290-2025…,,,
openpii-21058096,4,EMAIL,AN@outlook.com,…abien Title: Madame Date of Birth: August/08 Contact Email: «AN@outlook.com» Phone Number: +19-52-290-2025 Project Address: 16 North San…,,,
openpii-21058096,5,TELEPHONENUM,+19-52-290-2025,"…irth: August/08 Contact Email: AN@outlook.com Phone Number: «+19-52-290-2025» Project Address: 16 North San Pedro River Road, Harrison, 4…",,,
openpii-21058096,6,BUILDINGNUM,16,"…@outlook.com Phone Number: +19-52-290-2025 Project Address: «16» North San Pedro River Road, Harrison, 42757-7961 Preferred …",,,
openpii-21058096,7,STREET,North San Pedro River Road,"…tlook.com Phone Number: +19-52-290-2025 Project Address: 16 «North San Pedro River Road», Harrison, 42757-7961 Preferred Installation Date: 17th Mar…",,,
openpii-21058096,8,CITY,Harrison,"…52-290-2025 Project Address: 16 North San Pedro River Road, «Harrison», 42757-7961 Preferred Installation Date: 17th March 2018 Ty…",,,
openpii-21058096,9,ZIPCODE,42757-7961,"…5 Project Address: 16 North San Pedro River Road, Harrison, «42757-7961» Preferred Installation Date: 17th March 2018 Type of Ventil…",,,
openpii-21058096,10,DATE,17th March 2018,"…ver Road, Harrison, 42757-7961 Preferred Installation Date: «17th March 2018» Type of Ventilation Required (check all that apply): ☐ Axia…",,,
openpii-21058096,11,DATE,"April 1st, 2015","…ct a site survey. Signature: ______________________   Date: «April 1st, 2015»…",,,
openpii-20961701,0,TITLE,Miss,"…tion to the ‘Echoes of Empire’ Historical Reenactment\nDear «Miss» Günnewig,\nWe are delighted to invite you to join the reena…",,,
openpii-20961701,1,SURNAME,Günnewig,"…to the ‘Echoes of Empire’ Historical Reenactment\nDear Miss «Günnewig»,\nWe are delighted to invite you to join the reenactment sc…",,,
openpii-20961701,2,DATE,24/10/1987,…lighted to invite you to join the reenactment scheduled for «24/10/1987» at the historic grounds of Surbiton Tolworth.\nThe event wi…,,,
openpii-20961701,3,CITY,Surbiton Tolworth,"…actment scheduled for 24/10/1987 at the historic grounds of «Surbiton Tolworth».\nThe event will commence at 10:00 AM on The Dell 3313, and…",,,
openpii-20961701,4,STREET,The Dell,"… Surbiton Tolworth.\nThe event will commence at 10:00 AM on «The Dell» 3313, and participants are encouraged to wear period‑accura…",,,
openpii-20961701,5,BUILDINGNUM,3313,"… Tolworth.\nThe event will commence at 10:00 AM on The Dell «3313», and participants are encouraged to wear period‑accurate at…",,,
openpii-20961701,6,EMAIL,mejdoffenste@gmail.com,"…te attire.\nPlease confirm your attendance by responding to «mejdoffenste@gmail.com» or calling 006 5802-2379 no later than November 27th, 1951.…",,,
openpii-20961701,7,TELEPHONENUM,006 5802-2379,"…tendance by responding to mejdoffenste@gmail.com or calling «006 5802-2379» no later than November 27th, 1951.\nWe look forward to your…",,,
openpii-20961701,8,DATE,"November 27th, 1951","…jdoffenste@gmail.com or calling 006 5802-2379 no later than «November 27th, 1951».\nWe look forward to your presence as we explore parallels …",,,
openpii-21091570,0,TITLE,Madame,…«Madame» Piriya announced that employees born after 11/02/1985 and u…,,,
openpii-21091570,1,SURNAME,Piriya,…Madame «Piriya» announced that employees born after 11/02/1985 and under 68…,,,
openpii-21091570,2,DATE,11/02/1985,"…Madame Piriya announced that employees born after «11/02/1985» and under 68 will receive a 5% bonus, pending verification …",,,
openpii-21091570,3,AGE,68,"…ya announced that employees born after 11/02/1985 and under «68» will receive a 5% bonus, pending verification of their 773-…",,,
openpii-21091570,4,SOCIALNUM,773-43-6982,"…r 68 will receive a 5% bonus, pending verification of their «773-43-6982».…",,,
openpii-20909216,0,TITLE,Mr,"…Dear «Mr» Ravisankar Burwell Mastrogiannis Walser, I hope this messag…",,,
openpii-20909216,1,GIVENNAME,Ravisankar,"…Dear Mr «Ravisankar» Burwell Mastrogiannis Walser, I hope this message finds you…",,,
openpii-20909216,2,SURNAME,Burwell Mastrogiannis Walser,"…Dear Mr Ravisankar «Burwell Mastrogiannis Walser», I hope this message finds you well; as we discussed on Sep…",,,
openpii-20909216,3,DATE,September/79,"…ser, I hope this message finds you well; as we discussed on «September/79», a balanced intake of calcium, magnesium, and potassium is …",,,
openpii-20909216,4,AGE,86,"…and optimal muscle function, especially for patients around «86» years of age. Please review the attached nutrition plan and…",,,
openpii-20909216,5,TELEPHONENUM,03.64.19-96-86,… the attached nutrition plan and feel free to contact me at «03.64.19-96-86» or reply to this email (28M@aol.com) if you have any questi…,,,
openpii-20909216,6,EMAIL,28M@aol.com,…ree to contact me at 03.64.19-96-86 or reply to this email («28M@aol.com») if you have any questions about your personalized mineral …,,,
openpii-20909216,7,CITY,Upper North River,… your personalized mineral recommendations for residents of «Upper North River» with postal code T2C.…,,,
openpii-20909216,8,ZIPCODE,T2C,…dations for residents of Upper North River with postal code «T2C».…,,,
openpii-20927101,0,EMAIL,20PL@outlook.com,"… via encrypted channels to the central server, reachable at «20PL@outlook.com» and linked to the operator’s contact +63 69 735 8892.…",,,
openpii-20927101,1,TELEPHONENUM,+63 69 735 8892,…le at 20PL@outlook.com and linked to the operator’s contact «+63 69 735 8892».…,,,
openpii-20943749,0,DATE,12/07/1973,…The quarterly analysis released on «12/07/1973» shows that virtual art pieces authored by Tsega Menk have a…,,,
openpii-20943749,1,GIVENNAME,Tsega,…sed on 12/07/1973 shows that virtual art pieces authored by «Tsega» Menk have appreciated by roughly 2% since the previous mont…,,,
openpii-20943749,2,SURNAME,Menk,"… 12/07/1973 shows that virtual art pieces authored by Tsega «Menk» have appreciated by roughly 2% since the previous month, an…",,,
openpii-20943749,3,AGE,2,"…t pieces authored by Tsega Menk have appreciated by roughly «2»% since the previous month, and collectors are reaching out …",,,
openpii-20943749,4,EMAIL,C1967@yahoo.com,"…nce the previous month, and collectors are reaching out via «C1967@yahoo.com» for acquisition details.…",,,
openpii-21001970,0,GIVENNAME,Lael Liyan,"…Trough Installation Request: Name: «Lael Liyan» Kellici Bamburac Address: 1375 Drummery Lane, Rainham DN7 C…",,,
openpii-21001970,1,SURNAME,Kellici Bamburac,"…Trough Installation Request: Name: Lael Liyan «Kellici Bamburac» Address: 1375 Drummery Lane, Rainham DN7 Contact: +44.358.6…",,,
openpii-21001970,2,BUILDINGNUM,1375,"…llation Request: Name: Lael Liyan Kellici Bamburac Address: «1375» Drummery Lane, Rainham DN7 Contact: +44.358.661-4668 Prefer…",,,
openpii-21001970,3,STREET,Drummery Lane,"…on Request: Name: Lael Liyan Kellici Bamburac Address: 1375 «Drummery Lane», Rainham DN7 Contact: +44.358.661-4668 Preferred start date…",,,
openpii-21001970,4,CITY,Rainham,"…e: Lael Liyan Kellici Bamburac Address: 1375 Drummery Lane, «Rainham» DN7 Contact: +44.358.661-4668 Preferred start date: Novembe…",,,
openpii-21001970,5,ZIPCODE,DN7,"…Liyan Kellici Bamburac Address: 1375 Drummery Lane, Rainham «DN7» Contact: +44.358.661-4668 Preferred start date: November 17…",,,
openpii-21001970,6,TELEPHONENUM,+44.358.661-4668,"… Bamburac Address: 1375 Drummery Lane, Rainham DN7 Contact: «+44.358.661-4668» Preferred start date: November 17th, 1989…",,,
openpii-21001970,7,DATE,"November 17th, 1989","…Rainham DN7 Contact: +44.358.661-4668 Preferred start date: «November 17th, 1989»…",,,
openpii-21071486,0,GIVENNAME,Ionut-Florin,…To: «Ionut-Florin» Sawangsri Formato <1937R@outlook.com> Subject: Contingency …,,,
openpii-21071486,1,SURNAME,Sawangsri Formato,…To: Ionut-Florin «Sawangsri Formato» <1937R@outlook.com> Subject: Contingency Interest Methodolo…,,,
openpii-21071486,2,EMAIL,1937R@outlook.com,…To: Ionut-Florin Sawangsri Formato <«1937R@outlook.com»> Subject: Contingency Interest Methodology – Draft Agreemen…,,,
openpii-21071486,3,DATE,1946-06-12T00:00:00,"… a contingency interest model based on the benchmark set on «1946-06-12T00:00:00» and adjusted for the borrower’s credit score, which we have…",,,
openpii-21071486,4,DRIVERLICENSENUM,H6592100,"…or the borrower’s credit score, which we have linked to the «H6592100» record for cross‑verification. The settlement clause also r…",,,
openpii-21071486,5,CREDITCARDNUMBER,3161595630731095734,"…fication. The settlement clause also references the payer’s «3161595630731095734» for automated interest capture, and the document must be si…",,,
openpii-21071486,6,BUILDINGNUM,37295,"…e, and the document must be signed at the office located at «37295» East 700N Road, Mayer 8053.…",,,
openpii-21071486,7,STREET,East 700N Road,"… the document must be signed at the office located at 37295 «East 700N Road», Mayer 8053.…",,,
openpii-21071486,8,CITY,Mayer,"…st be signed at the office located at 37295 East 700N Road, «Mayer» 8053.…",,,
openpii-21071486,9,ZIPCODE,8053,"…signed at the office located at 37295 East 700N Road, Mayer «8053».…",,,
openpii-20910347,0,TITLE,Madame,"…Dear «Madame» Mayeul Danflous, I am writing to confirm my solo travel arr…",,,
openpii-20910347,1,GIVENNAME,Mayeul,"…Dear Madame «Mayeul» Danflous, I am writing to confirm my solo travel arrangemen…",,,
openpii-20910347,2,SURNAME,Danflous,"…Dear Madame Mayeul «Danflous», I am writing to confirm my solo travel arrangement from Ju…",,,
openpii-20910347,3,DATE,"July 13th, 1978","…us, I am writing to confirm my solo travel arrangement from «July 13th, 1978» to 1973-04-10T00:00:00. Please find my personal details bel…",,,
openpii-20910347,4,DATE,1973-04-10T00:00:00,"… confirm my solo travel arrangement from July 13th, 1978 to «1973-04-10T00:00:00». Please find my personal details below: Passport No. PV1412…",,,
openpii-20910347,5,PASSPORTNUM,PV1412432,"…:00:00. Please find my personal details below: Passport No. «PV1412432», Date of Birth 1995-05-19T00:00:00, and my contact email Z2…",,,
openpii-20910347,6,DATE,1995-05-19T00:00:00,"…rsonal details below: Passport No. PV1412432, Date of Birth «1995-05-19T00:00:00», and my contact email Z2012@tutanota.com with phone number …",,,
openpii-20910347,7,EMAIL,Z2012@tutanota.com,"…32, Date of Birth 1995-05-19T00:00:00, and my contact email «Z2012@tutanota.com» with phone number 040-8834082 . My accommodation will be at…",,,
openpii-20910347,8,TELEPHONENUM,040-8834082 ,"…, and my contact email Z2012@tutanota.com with phone number «040-8834082 ». My accommodation will be at 52073 Side Road 21, Hillsburgh…",,,
openpii-20910347,9,BUILDINGNUM,52073,"…with phone number 040-8834082 . My accommodation will be at «52073» Side Road 21, Hillsburgh J0K, and I will settle the remaini…",,,
openpii-20910347,10,STREET,Side Road 21,"…hone number 040-8834082 . My accommodation will be at 52073 «Side Road 21», Hillsburgh J0K, and I will settle the remaining balance us…",,,
openpii-20910347,11,CITY,Hillsburgh,"…0-8834082 . My accommodation will be at 52073 Side Road 21, «Hillsburgh» J0K, and I will settle the remaining balance using my credi…",,,
openpii-20910347,12,ZIPCODE,J0K,"… My accommodation will be at 52073 Side Road 21, Hillsburgh «J0K», and I will settle the remaining balance using my credit ca…",,,
openpii-20910347,13,CREDITCARDNUMBER,646198586913294979,…settle the remaining balance using my credit card ending in «646198586913294979».…,,,
openpii-20991241,0,CITY,York,…The conference in «York» scheduled for 7th November 1944 will examine linguistic pol…,,,
openpii-20991241,1,DATE,7th November 1944,"…The conference in York scheduled for «7th November 1944» will examine linguistic policy, and participants must provi…",,,
openpii-20991241,2,ZIPCODE,"LE67 9PQ, LE67 9PS","…ne linguistic policy, and participants must provide a valid «LE67 9PQ, LE67 9PS» address, KX93108VC, and 485894550 while noting their reside…",,,
openpii-20991241,3,IDCARDNUM,KX93108VC,"…rticipants must provide a valid LE67 9PQ, LE67 9PS address, «KX93108VC», and 485894550 while noting their residence at Holly Lane 2…",,,
openpii-20991241,4,PASSPORTNUM,485894550,"… provide a valid LE67 9PQ, LE67 9PS address, KX93108VC, and «485894550» while noting their residence at Holly Lane 2680 and identif…",,,
openpii-20991241,5,STREET,Holly Lane,"…s, KX93108VC, and 485894550 while noting their residence at «Holly Lane» 2680 and identifying as Genderfluid.…",,,
openpii-20991241,6,BUILDINGNUM,2680,"…C, and 485894550 while noting their residence at Holly Lane «2680» and identifying as Genderfluid.…",,,
openpii-20991241,7,GENDER,Genderfluid,…oting their residence at Holly Lane 2680 and identifying as «Genderfluid».…,,,
openpii-21095274,0,TITLE,Mr,…A formal memorandum signed by «Mr» Humza Ciacciarelli Oryakhail Muntwiler on October/01 reques…,,,
openpii-21095274,1,GIVENNAME,Humza,…A formal memorandum signed by Mr «Humza» Ciacciarelli Oryakhail Muntwiler on October/01 requested em…,,,
openpii-21095274,2,SURNAME,Ciacciarelli Oryakhail Muntwiler,"…A formal memorandum signed by Mr Humza «Ciacciarelli Oryakhail Muntwiler» on October/01 requested emergency funding, citing current s…",,,
openpii-21095274,3,DATE,October/01,"…ndum signed by Mr Humza Ciacciarelli Oryakhail Muntwiler on «October/01» requested emergency funding, citing current staff shortages…",,,
openpii-21095274,4,AGE,60,"…rgency funding, citing current staff shortages (average age «60» years, gender distribution Not specified) and the need to u…",,,
openpii-21095274,5,GENDER,Not specified,"… staff shortages (average age 60 years, gender distribution «Not specified») and the need to update the patient intake system using the…",,,
openpii-21095274,6,IDCARDNUM,634567932,…need to update the patient intake system using the existing «634567932» database.…,,,
openpii-20932764,0,GIVENNAME,Thayalan,…«Thayalan»: 'My recent blood pressure readings indicate a potential di…,,,
openpii-20932764,1,SOCIALNUM,5359536056,…eadings indicate a potential disparity; could you verify my «5359536056» to see if I qualify for the targeted care program?'…,,,
openpii-21060903,0,EMAIL,NR@aol.com,…Please confirm your contact details: email «NR@aol.com» and phone +14-42-422 6434 so we can send daily workout remi…,,,
openpii-21060903,1,TELEPHONENUM,+14-42-422 6434,…se confirm your contact details: email NR@aol.com and phone «+14-42-422 6434» so we can send daily workout reminders.…,,,
openpii-21057983,0,CREDITCARDNUMBER,379144434728034,"…rners receive a stipend, payable to the account linked with «379144434728034».…",,,
openpii-20958605,0,TITLE,Mister,"…Dear «Mister» Mariana-Valentina Sereda Es Sini-Sini, Thank you for subscr…",,,
openpii-20958605,1,GIVENNAME,Mariana-Valentina,"…Dear Mister «Mariana-Valentina» Sereda Es Sini-Sini, Thank you for subscribing to our Motor…",,,
openpii-20958605,2,SURNAME,Sereda Es Sini-Sini,"…Dear Mister Mariana-Valentina «Sereda Es Sini-Sini», Thank you for subscribing to our Motorcycle Restoration an…",,,
openpii-20958605,3,DATE,January/20,"…ation and Tuning Guide series; your next issue, arriving on «January/20», will cover the meticulous process of rebuilding a 1978 cla…",,,
openpii-20958605,4,EMAIL,ariyankamenov@gmail.com,"…st. Should you have any questions, feel free to reach us at «ariyankamenov@gmail.com» or call 00447.87 517 3432; we’re based at 476 Ravelston Dyk…",,,
openpii-20958605,5,TELEPHONENUM,00447.87 517 3432,"…s, feel free to reach us at ariyankamenov@gmail.com or call «00447.87 517 3432»; we’re based at 476 Ravelston Dykes Road, Penarth, RG14 2PW…",,,
openpii-20958605,6,BUILDINGNUM,476,"…kamenov@gmail.com or call 00447.87 517 3432; we’re based at «476» Ravelston Dykes Road, Penarth, RG14 2PW and look forward to…",,,
openpii-20958605,7,STREET,Ravelston Dykes Road,"…nov@gmail.com or call 00447.87 517 3432; we’re based at 476 «Ravelston Dykes Road», Penarth, RG14 2PW and look forward to helping you bring yo…",,,
openpii-20958605,8,CITY,Penarth,"…00447.87 517 3432; we’re based at 476 Ravelston Dykes Road, «Penarth», RG14 2PW and look forward to helping you bring your bike b…",,,
openpii-20958605,9,ZIPCODE,RG14 2PW,"…517 3432; we’re based at 476 Ravelston Dykes Road, Penarth, «RG14 2PW» and look forward to helping you bring your bike back to its…",,,
openpii-21059007,0,GIVENNAME,Satheeskumar Zalman,… will automatically suggest a convenient time slot based on «Satheeskumar Zalman»'s calendar and preferred communication channel listed as +1…,,,
openpii-21059007,1,TELEPHONENUM,+1.184 132 1703,…an's calendar and preferred communication channel listed as «+1.184 132 1703».…,,,
openpii-21066074,0,AGE,74,"…Team, the prototype demonstrates that age «74» and gender Not specified influence the emergent behavior of…",,,
openpii-21066074,1,GENDER,Not specified,"…Team, the prototype demonstrates that age 74 and gender «Not specified» influence the emergent behavior of the nanostructure. We re…",,,
openpii-21066074,2,DATE,1968-08-26T00:00:00,…anostructure. We recommend recording each participant’s DOB «1968-08-26T00:00:00» and sex M for reproducibility.…,,,
openpii-21066074,3,SEX,M,…ecording each participant’s DOB 1968-08-26T00:00:00 and sex «M» for reproducibility.…,,,
openpii-21083965,0,IDCARDNUM,3199642179537,"…ication, kindly provide your identification numbers such as «3199642179537» or L1074792 along with your 03/12/1969 and 42 details.…",,,
openpii-21083965,1,DRIVERLICENSENUM,L1074792,…rovide your identification numbers such as 3199642179537 or «L1074792» along with your 03/12/1969 and 42 details.…,,,
openpii-21083965,2,DATE,03/12/1969,…n numbers such as 3199642179537 or L1074792 along with your «03/12/1969» and 42 details.…,,,
openpii-21083965,3,AGE,42,…as 3199642179537 or L1074792 along with your 03/12/1969 and «42» details.…,,,
openpii-21059666,0,DRIVERLICENSENUM,F11KB4066443,…nto Operational Planning” cites regulatory identifiers like «F11KB4066443» and 009-14-2061 to illustrate compliance requirements. It a…,,,
openpii-21059666,1,SOCIALNUM,009-14-2061,…lanning” cites regulatory identifiers like F11KB4066443 and «009-14-2061» to illustrate compliance requirements. It also references t…,,,
openpii-21059666,2,TAXNUM,07983-35600,… the new forecasting model will affect calculations tied to «07983-35600». A risk assessment section flags potential data‑privacy iss…,,,
openpii-21059666,3,PASSPORTNUM,306075745,…sues and recommends encrypting personal identifiers such as «306075745». The report concludes with a recommendation to pilot the fr…,,,
openpii-21059666,4,CITY,Clementon,"…ncludes with a recommendation to pilot the framework in the «Clementon» region, using a budget sign‑off secured by the finance lead…",,,
openpii-21059666,5,CREDITCARDNUMBER,3190894261272176999,… budget sign‑off secured by the finance lead’s credit card («3190894261272176999»).…,,,
openpii-20946613,0,AGE,22,"…ease forward your recent impact report, including your age («22») and gender identity (Male), to yann-ilias@protonmail.com b…",,,
openpii-20946613,1,GENDER,Male,"…impact report, including your age (22) and gender identity («Male»), to yann-ilias@protonmail.com by June 23rd, 1961 for inclu…",,,
openpii-20946613,2,EMAIL,yann-ilias@protonmail.com,"…ort, including your age (22) and gender identity (Male), to «yann-ilias@protonmail.com» by June 23rd, 1961 for inclusion in the upcoming equity new…",,,
openpii-20946613,3,DATE,"June 23rd, 1961","…and gender identity (Male), to yann-ilias@protonmail.com by «June 23rd, 1961» for inclusion in the upcoming equity newsletter.…",,,
openpii-21100014,0,GIVENNAME,Blean,"…Full Name: «Blean» Marcos, Age: 39, Sex: Other, Gender Identity: Agender. Addr…",,,
openpii-21100014,1,SURNAME,Marcos,"…Full Name: Blean «Marcos», Age: 39, Sex: Other, Gender Identity: Agender. Address: 30…",,,
openpii-21100014,2,AGE,39,"…Full Name: Blean Marcos, Age: «39», Sex: Other, Gender Identity: Agender. Address: 30210 South…",,,
openpii-21100014,3,SEX,Other,"…Full Name: Blean Marcos, Age: 39, Sex: «Other», Gender Identity: Agender. Address: 30210 Southeast Butts R…",,,
openpii-21100014,4,GENDER,Agender,"…l Name: Blean Marcos, Age: 39, Sex: Other, Gender Identity: «Agender». Address: 30210 Southeast Butts Road, Hulbert 21756-1409; D…",,,
openpii-21100014,5,BUILDINGNUM,30210,"…os, Age: 39, Sex: Other, Gender Identity: Agender. Address: «30210» Southeast Butts Road, Hulbert 21756-1409; Date of Birth: 03…",,,
openpii-21100014,6,STREET,Southeast Butts Road,"…e: 39, Sex: Other, Gender Identity: Agender. Address: 30210 «Southeast Butts Road», Hulbert 21756-1409; Date of Birth: 03/07/2007. For verific…",,,
openpii-21100014,7,CITY,Hulbert,"…der Identity: Agender. Address: 30210 Southeast Butts Road, «Hulbert» 21756-1409; Date of Birth: 03/07/2007. For verification ple…",,,
openpii-21100014,8,ZIPCODE,21756-1409,"…tity: Agender. Address: 30210 Southeast Butts Road, Hulbert «21756-1409»; Date of Birth: 03/07/2007. For verification please provide…",,,
openpii-21100014,9,DATE,03/07/2007,"…10 Southeast Butts Road, Hulbert 21756-1409; Date of Birth: «03/07/2007». For verification please provide your Driver's License (R15…",,,
openpii-21100014,10,DRIVERLICENSENUM,R15TN7742956,"…007. For verification please provide your Driver's License («R15TN7742956»), Tax ID (77043-96622), and a payment method (Credit Card: …",,,
openpii-21100014,11,TAXNUM,77043-96622,"…lease provide your Driver's License (R15TN7742956), Tax ID («77043-96622»), and a payment method (Credit Card: 6264850887465234).…",,,
openpii-21100014,12,CREDITCARDNUMBER,6264850887465234,"…), Tax ID (77043-96622), and a payment method (Credit Card: «6264850887465234»).…",,,
openpii-20988753,0,GIVENNAME,Elann,"…Dear «Elann», the plan includes a sunny corner for tomatoes at coordinat…",,,
openpii-20988753,1,ZIPCODE,CB4,"…an includes a sunny corner for tomatoes at coordinates near «CB4» and a shade plot for lettuce beside the old oak, reachable …",,,
openpii-20988753,2,CITY,Doncaster Beckingham,"…a shade plot for lettuce beside the old oak, reachable from «Doncaster Beckingham» via the path marked on the map dated 1951-01-18T00:00:00.…",,,
openpii-20988753,3,DATE,1951-01-18T00:00:00,…m Doncaster Beckingham via the path marked on the map dated «1951-01-18T00:00:00».…,,,
openpii-20939697,0,PASSPORTNUM,AN0602310,"…l transfers, the trustee must submit a copy of the passport «AN0602310» and driver's license GCSWTEH58P along with the date of birt…",,,
openpii-20939697,1,DRIVERLICENSENUM,GCSWTEH58P,…ubmit a copy of the passport AN0602310 and driver's license «GCSWTEH58P» along with the date of birth 24/03/1987 and gender Two-spir…,,,
openpii-20939697,2,DATE,24/03/1987,…nd driver's license GCSWTEH58P along with the date of birth «24/03/1987» and gender Two-spirit; the funding will be charged to the c…,,,
openpii-20939697,3,GENDER,Two-spirit,…SWTEH58P along with the date of birth 24/03/1987 and gender «Two-spirit»; the funding will be charged to the corporate card ending i…,,,
openpii-20939697,4,CREDITCARDNUMBER,6273449062089920,…the funding will be charged to the corporate card ending in «6273449062089920» at the headquarters located at 73 Route 221 in Grand Valley…,,,
openpii-20939697,5,BUILDINGNUM,73,…d ending in 6273449062089920 at the headquarters located at «73» Route 221 in Grand Valley.…,,,
openpii-20939697,6,STREET,Route 221,…nding in 6273449062089920 at the headquarters located at 73 «Route 221» in Grand Valley.…,,,
openpii-20939697,7,CITY,Grand Valley,…449062089920 at the headquarters located at 73 Route 221 in «Grand Valley».…,,,
openpii-20909618,0,GIVENNAME,Guanyu,"…During the internal team chat, «Guanyu» asked, 'How will the AI predict maintenance needs for the f…",,,
openpii-20909618,1,GIVENNAME,Aboubaker,… 'How will the AI predict maintenance needs for the fleet?' «Aboubaker» replied that the algorithm uses sensor data tied to each ve…,,,
openpii-20909618,2,DRIVERLICENSENUM,RCYAFD5KB1,… that the algorithm uses sensor data tied to each vehicle's «RCYAFD5KB1» and cross‑references it with historical 8446574397 repair l…,,,
openpii-20909618,3,TAXNUM,8446574397,…ehicle's RCYAFD5KB1 and cross‑references it with historical «8446574397» repair logs. The discussion concluded with a plan to pilot …,,,
openpii-20909618,4,CITY,Lamont,…concluded with a plan to pilot the system on routes serving «Lamont» by 14/04/1988.…,,,
openpii-20909618,5,DATE,14/04/1988,…with a plan to pilot the system on routes serving Lamont by «14/04/1988».…,,,
openpii-20913694,0,EMAIL,jaspalgoncalv@aol.com,…From: «jaspalgoncalv@aol.com» To: 05CN@hotmail.com Date: 2022-03-23T00:00:00 Subject: Tra…,,,
openpii-20913694,1,EMAIL,05CN@hotmail.com,…From: jaspalgoncalv@aol.com To: «05CN@hotmail.com» Date: 2022-03-23T00:00:00 Subject: Travel Insurance Confirm…,,,
openpii-20913694,2,DATE,2022-03-23T00:00:00,…From: jaspalgoncalv@aol.com To: 05CN@hotmail.com Date: «2022-03-23T00:00:00» Subject: Travel Insurance Confirmation – Rare Birdwatching …,,,
openpii-20913694,3,GIVENNAME,Sangye,"…ravel Insurance Confirmation – Rare Birdwatching Tour Hello «Sangye», Your travel insurance policy number is 5077067612 and cove…",,,
openpii-20913694,4,SOCIALNUM,5077067612,"…g Tour Hello Sangye, Your travel insurance policy number is «5077067612» and covers medical emergencies, lost baggage, and wildlife‑…",,,
openpii-20913694,5,DATE,April/62,… note that the policy requires the insured’s date of birth («April/62») and gender (Not specified) for proper risk assessment. A c…,,,
openpii-20913694,6,GENDER,Not specified,…requires the insured’s date of birth (April/62) and gender («Not specified») for proper risk assessment. A copy of your identification …,,,
openpii-20913694,7,IDCARDNUM,G0EUUBD0BN,…proper risk assessment. A copy of your identification card («G0EUUBD0BN») must be attached to this email. If you have any questions …,,,
openpii-20913694,8,TELEPHONENUM,+318 76 425-1420,"…age limits or claim procedures, contact our support line at «+318 76 425-1420». Thank you for choosing us to safeguard your expedition.…",,,
openpii-20988746,0,TITLE,Mrs,"…Dear «Mrs» Ayjana Chaoui, our holistic healing programme blends aromat…",,,
openpii-20988746,1,GIVENNAME,Ayjana,"…Dear Mrs «Ayjana» Chaoui, our holistic healing programme blends aromatherapy,…",,,
openpii-20988746,2,SURNAME,Chaoui,"…Dear Mrs Ayjana «Chaoui», our holistic healing programme blends aromatherapy, guided…",,,
openpii-20988746,3,EMAIL,abaumann-g@hotmail.com,"…lised nutrition, and we will email your full intake form to «abaumann-g@hotmail.com» while confirming your first session on November/96 at our c…",,,
openpii-20988746,4,DATE,November/96,"…aumann-g@hotmail.com while confirming your first session on «November/96» at our clinic on Winchester Road 6, Newbury PO20 7QH, PO20 …",,,
openpii-20988746,5,STREET,Winchester Road,"…nfirming your first session on November/96 at our clinic on «Winchester Road» 6, Newbury PO20 7QH, PO20 7QQ; please note your age (36) an…",,,
openpii-20988746,6,BUILDINGNUM,6,"…rst session on November/96 at our clinic on Winchester Road «6», Newbury PO20 7QH, PO20 7QQ; please note your age (36) and …",,,
openpii-20988746,7,CITY,Newbury,"… session on November/96 at our clinic on Winchester Road 6, «Newbury» PO20 7QH, PO20 7QQ; please note your age (36) and gender (G…",,,
openpii-20988746,8,ZIPCODE,"PO20 7QH, PO20 7QQ","… on November/96 at our clinic on Winchester Road 6, Newbury «PO20 7QH, PO20 7QQ»; please note your age (36) and gender (Genderfluid) will he…",,,
openpii-20988746,9,AGE,36,"…r Road 6, Newbury PO20 7QH, PO20 7QQ; please note your age («36») and gender (Genderfluid) will help us customise the treatm…",,,
openpii-20988746,10,GENDER,Genderfluid,"…y PO20 7QH, PO20 7QQ; please note your age (36) and gender («Genderfluid») will help us customise the treatment plan.…",,,
openpii-21063114,0,TITLE,Miss,"…During the quarterly town‑hall, «Miss» Marlis Tanja Chhit presented a case study on how a poorly c…",,,
openpii-21063114,1,GIVENNAME,Marlis Tanja,"…During the quarterly town‑hall, Miss «Marlis Tanja» Chhit presented a case study on how a poorly conceived rede…",,,
openpii-21063114,2,SURNAME,Chhit,"…During the quarterly town‑hall, Miss Marlis Tanja «Chhit» presented a case study on how a poorly conceived redesign o…",,,
openpii-21063114,3,ZIPCODE,80864,"… a higher proportion of remote workers, identified by their «80864» and Springville locations, experienced a 12% increase in ov…",,,
openpii-21063114,4,CITY,Springville,"…proportion of remote workers, identified by their 80864 and «Springville» locations, experienced a 12% increase in overtime hours, ra…",,,
openpii-21063114,5,PASSPORTNUM,339801583,…rticipants to submit a signed agreement that includes their «339801583» for verification of legal work status across borders.  The …,,,
openpii-21063114,6,AGE,49,"…ntifiers while displaying aggregate metrics such as average «49» and gender ratio (F) for each functional area, thereby supp…",,,
openpii-21063114,7,SEX,F,"…ying aggregate metrics such as average 49 and gender ratio («F») for each functional area, thereby supporting informed deci…",,,
openpii-20941894,0,PASSPORTNUM,JY7420038,…lease confirm your travel details by sending a copy of your «JY7420038» and providing your +47-050122263 as well as your preferred …,,,
openpii-20941894,1,TELEPHONENUM,+47-050122263,…ails by sending a copy of your JY7420038 and providing your «+47-050122263» as well as your preferred meal preference before 02/01/2014…,,,
openpii-20941894,2,DATE,02/01/2014,…-050122263 as well as your preferred meal preference before «02/01/2014».…,,,
openpii-20990422,0,TITLE,Mr,…Gypsy Dance Class Registration Form (Short Version)  «Mr» Taimur Alef Meschinet Date of Birth: 8th July 2023 Age: 13 …,,,
openpii-20990422,1,GIVENNAME,Taimur Alef,…Gypsy Dance Class Registration Form (Short Version)  Mr «Taimur Alef» Meschinet Date of Birth: 8th July 2023 Age: 13 Sex: Male Ge…,,,
openpii-20990422,2,SURNAME,Meschinet,…nce Class Registration Form (Short Version)  Mr Taimur Alef «Meschinet» Date of Birth: 8th July 2023 Age: 13 Sex: Male Gender Ident…,,,
openpii-20990422,3,DATE,8th July 2023,…rm (Short Version)  Mr Taimur Alef Meschinet Date of Birth: «8th July 2023» Age: 13 Sex: Male Gender Identity: Two-spirit  Address:   B…,,,
openpii-20990422,4,AGE,13,… Mr Taimur Alef Meschinet Date of Birth: 8th July 2023 Age: «13» Sex: Male Gender Identity: Two-spirit  Address:   Bridgwate…,,,
openpii-20990422,5,SEX,Male,…ur Alef Meschinet Date of Birth: 8th July 2023 Age: 13 Sex: «Male» Gender Identity: Two-spirit  Address:   Bridgwater Road 127…,,,
openpii-20990422,6,GENDER,Two-spirit,… of Birth: 8th July 2023 Age: 13 Sex: Male Gender Identity: «Two-spirit»  Address:   Bridgwater Road 1273   Leicester Houghton on th…,,,
openpii-20990422,7,STREET,Bridgwater Road,"…3 Age: 13 Sex: Male Gender Identity: Two-spirit  Address:   «Bridgwater Road» 1273   Leicester Houghton on the Hill, M27  Contact:   Emai…",,,
openpii-20990422,8,BUILDINGNUM,1273,"…ale Gender Identity: Two-spirit  Address:   Bridgwater Road «1273»   Leicester Houghton on the Hill, M27  Contact:   Email: RM…",,,
openpii-20990422,9,CITY,Leicester Houghton on the Hill,"…der Identity: Two-spirit  Address:   Bridgwater Road 1273   «Leicester Houghton on the Hill», M27  Contact:   Email: RM@protonmail.com   Phone: 0022-15-…",,,
openpii-20990422,10,ZIPCODE,M27,"…s:   Bridgwater Road 1273   Leicester Houghton on the Hill, «M27»  Contact:   Email: RM@protonmail.com   Phone: 0022-15-104.4…",,,
openpii-20990422,11,EMAIL,RM@protonmail.com,"…73   Leicester Houghton on the Hill, M27  Contact:   Email: «RM@protonmail.com»   Phone: 0022-15-104.4738  Identification:   ID Card No.: G…",,,
openpii-20990422,12,TELEPHONENUM,0022-15-104.4738,"…the Hill, M27  Contact:   Email: RM@protonmail.com   Phone: «0022-15-104.4738»  Identification:   ID Card No.: GP93485JB   Tax ID No.: 271…",,,
openpii-20990422,13,IDCARDNUM,GP93485JB,…m   Phone: 0022-15-104.4738  Identification:   ID Card No.: «GP93485JB»   Tax ID No.: 27157.03506  I hereby confirm that the inform…,,,
openpii-20990422,14,TAXNUM,27157.03506,…738  Identification:   ID Card No.: GP93485JB   Tax ID No.: «27157.03506»  I hereby confirm that the information provided is accurate…,,,
openpii-20990422,15,DATE,1954-02-11T00:00:00,…ded is accurate. Signature: _______________________   Date: «1954-02-11T00:00:00»…,,,
openpii-21064871,0,TITLE,Mayoress,"…Dear «Mayoress» Love Carbotta,  Thank you for your inquiry about the upcomi…",,,
openpii-21064871,1,GIVENNAME,Love,"…Dear Mayoress «Love» Carbotta,  Thank you for your inquiry about the upcoming cu…",,,
openpii-21064871,2,SURNAME,Carbotta,"…Dear Mayoress Love «Carbotta»,  Thank you for your inquiry about the upcoming cultural dr…",,,
openpii-21064871,3,CITY,Tehachapi,… your inquiry about the upcoming cultural dress workshop in «Tehachapi» on 10th March 1973. Please confirm your attendance by reply…,,,
openpii-21064871,4,DATE,10th March 1973,… about the upcoming cultural dress workshop in Tehachapi on «10th March 1973». Please confirm your attendance by replying with your 91938…,,,
openpii-21064871,5,IDCARDNUM,91938527970,… 1973. Please confirm your attendance by replying with your «91938527970» and a brief note on your experience with traditional embroi…,,,
openpii-21064871,6,AGE,38,"…ll help us tailor the session for participants ranging from «38» to 15 years old.  Best regards, Wenxuan Röwe, Program Coord…",,,
openpii-21064871,7,AGE,15,"…p us tailor the session for participants ranging from 38 to «15» years old.  Best regards, Wenxuan Röwe, Program Coordinator…",,,
openpii-21064871,8,GIVENNAME,Wenxuan,"…articipants ranging from 38 to 15 years old.  Best regards, «Wenxuan» Röwe, Program Coordinator…",,,
openpii-21064871,9,SURNAME,Röwe,"…nts ranging from 38 to 15 years old.  Best regards, Wenxuan «Röwe», Program Coordinator…",,,
openpii-20981282,0,TELEPHONENUM,+08 10892-2564,"…rental of the portable speaker, contact our finance team at «+08 10892-2564» quoting your tax reference 51823.90693 and your age 76.…",,,
openpii-20981282,1,TAXNUM,51823.90693,…r finance team at +08 10892-2564 quoting your tax reference «51823.90693» and your age 76.…,,,
openpii-20981282,2,AGE,76,…92-2564 quoting your tax reference 51823.90693 and your age «76».…,,,
openpii-21088608,0,EMAIL,SB@outlook.com,"…r personalized meal plans, please email your preferences to «SB@outlook.com» and include your 9th October 2013 and 27330-0093 so we can …",,,
openpii-21088608,1,DATE,9th October 2013,…e email your preferences to SB@outlook.com and include your «9th October 2013» and 27330-0093 so we can account for regional ingredient av…,,,
openpii-21088608,2,ZIPCODE,27330-0093,…ces to SB@outlook.com and include your 9th October 2013 and «27330-0093» so we can account for regional ingredient availability in S…,,,
openpii-21088608,3,CITY,Somerville,…3 so we can account for regional ingredient availability in «Somerville».…,,,
openpii-20925495,0,IDCARDNUM,VH453CZ1BH,"… you with the recent managerial feedback process? (Your ID: «VH453CZ1BH»)""…",,,
openpii-20977356,0,GIVENNAME,Jaskaran,"…Hello «Jaskaran» Ulanova Moldovanyi, Your estate tax filing is due soon and …",,,
openpii-20977356,1,SURNAME,Ulanova Moldovanyi,"…Hello Jaskaran «Ulanova Moldovanyi», Your estate tax filing is due soon and we have prepared a …",,,
openpii-20977356,2,TAXNUM,96041.25769,…g is in order. Please verify your tax identification number «96041.25769» and confirm the filing date as November/17. Any supporting …,,,
openpii-20977356,3,DATE,November/17,…ification number 96041.25769 and confirm the filing date as «November/17». Any supporting documents can be emailed to thaísanelles@ya…,,,
openpii-20977356,4,EMAIL,thaísanelles@yahoo.com,… as November/17. Any supporting documents can be emailed to «thaísanelles@yahoo.com» or uploaded through the secure portal; if you need assistan…,,,
openpii-20977356,5,TELEPHONENUM,+188.660 224.1928,"…rough the secure portal; if you need assistance, call us at «+188.660 224.1928». Prompt attention to these items will help avoid penalties …",,,
openpii-20983478,0,CITY,Lydney,…The tax office in «Lydney» has begun cross‑referencing 120.739.9677 with social‑media …,,,
openpii-20983478,1,SOCIALNUM,120.739.9677,…The tax office in Lydney has begun cross‑referencing «120.739.9677» with social‑media earnings to ensure proper 68702.63793 com…,,,
openpii-20983478,2,TAXNUM,68702.63793,…ng 120.739.9677 with social‑media earnings to ensure proper «68702.63793» compliance.…,,,
openpii-20986248,0,GIVENNAME,Livia-Maria,"…Dr. «Livia-Maria» Terzioglu from Dunmow Little Easton (postcode ME2 4UX, ME2 …",,,
openpii-20986248,1,SURNAME,Terzioglu,"…Dr. Livia-Maria «Terzioglu» from Dunmow Little Easton (postcode ME2 4UX, ME2 4UZ) repor…",,,
openpii-20986248,2,CITY,Dunmow Little Easton,"…Dr. Livia-Maria Terzioglu from «Dunmow Little Easton» (postcode ME2 4UX, ME2 4UZ) reported on 08/02/2015 that pol…",,,
openpii-20986248,3,ZIPCODE,"ME2 4UX, ME2 4UZ","…. Livia-Maria Terzioglu from Dunmow Little Easton (postcode «ME2 4UX, ME2 4UZ») reported on 08/02/2015 that pollination efficiency increas…",,,
openpii-20986248,4,DATE,08/02/2015,"…unmow Little Easton (postcode ME2 4UX, ME2 4UZ) reported on «08/02/2015» that pollination efficiency increased by 81 % across the st…",,,
openpii-20986248,5,AGE,81,"…rted on 08/02/2015 that pollination efficiency increased by «81» % across the study sites, and will forward the detailed fin…",,,
openpii-20986248,6,EMAIL,Y@tutanota.com,"… the study sites, and will forward the detailed findings to «Y@tutanota.com» and discuss further via phone at +82 60-428 2582 by 06/10/1…",,,
openpii-20986248,7,TELEPHONENUM,+82 60-428 2582,…findings to Y@tutanota.com and discuss further via phone at «+82 60-428 2582» by 06/10/1954.…,,,
openpii-20986248,8,DATE,06/10/1954,…ota.com and discuss further via phone at +82 60-428 2582 by «06/10/1954».…,,,
openpii-21085177,0,DATE,"May 13th, 1938","…Reminder: your table for the pop‑up dinner on «May 13th, 1938» at the abandoned subway platform on Pella Road has been con…",,,
openpii-21085177,1,STREET,Pella Road,"…inner on May 13th, 1938 at the abandoned subway platform on «Pella Road» has been confirmed, Kehan Venis. Bring a photo ID (e.g., 80…",,,
openpii-21085177,2,GIVENNAME,Kehan Venis,"…abandoned subway platform on Pella Road has been confirmed, «Kehan Venis». Bring a photo ID (e.g., 8089682069021 or X16ZH1721287) and…",,,
openpii-21085177,3,IDCARDNUM,8089682069021,"…ad has been confirmed, Kehan Venis. Bring a photo ID (e.g., «8089682069021» or X16ZH1721287) and your preferred payment method; we acce…",,,
openpii-21085177,4,DRIVERLICENSENUM,X16ZH1721287,"…rmed, Kehan Venis. Bring a photo ID (e.g., 8089682069021 or «X16ZH1721287») and your preferred payment method; we accept cards ending …",,,
openpii-21085177,5,CREDITCARDNUMBER,3584149400128467,…nd your preferred payment method; we accept cards ending in «3584149400128467» or cash. See you at 7 pm sharp!…,,,
openpii-20997817,0,TITLE,Master,"…Dear «Master» Ibrima Salhani Metze, we are delighted to invite you to our…",,,
openpii-20997817,1,GIVENNAME,Ibrima,"…Dear Master «Ibrima» Salhani Metze, we are delighted to invite you to our upcomi…",,,
openpii-20997817,2,SURNAME,Salhani Metze,"…Dear Master Ibrima «Salhani Metze», we are delighted to invite you to our upcoming Edible Gift…",,,
openpii-20997817,3,DATE,1960-05-21T00:00:00,…to our upcoming Edible Gift Making Experiment scheduled for «1960-05-21T00:00:00» at our kitchen studio on Marine Drive near 4826 in Doncaste…,,,
openpii-20997817,4,STREET,Marine Drive,… scheduled for 1960-05-21T00:00:00 at our kitchen studio on «Marine Drive» near 4826 in Doncaster. Please confirm your attendance by r…,,,
openpii-20997817,5,BUILDINGNUM,4826,…0-05-21T00:00:00 at our kitchen studio on Marine Drive near «4826» in Doncaster. Please confirm your attendance by replying to…,,,
openpii-20997817,6,CITY,Doncaster,…00:00:00 at our kitchen studio on Marine Drive near 4826 in «Doncaster». Please confirm your attendance by replying to this email a…,,,
openpii-20997817,7,EMAIL,hriskuvuna@yahoo.com,…Please confirm your attendance by replying to this email at «hriskuvuna@yahoo.com» or calling (28)-1354-3506 at your earliest convenience.…,,,
openpii-20997817,8,TELEPHONENUM,(28)-1354-3506,…y replying to this email at hriskuvuna@yahoo.com or calling «(28)-1354-3506» at your earliest convenience.…,,,
openpii-20938869,0,EMAIL,MA@outlook.com,…Please email your team’s roster to «MA@outlook.com» and include each member’s Stanislas Aurélian and Kuster Sch…,,,
openpii-20938869,1,GIVENNAME,Stanislas Aurélian,…r team’s roster to MA@outlook.com and include each member’s «Stanislas Aurélian» and Kuster Schragl Augst for personalized eco‑tips.…,,,
openpii-20938869,2,SURNAME,Kuster Schragl Augst,…utlook.com and include each member’s Stanislas Aurélian and «Kuster Schragl Augst» for personalized eco‑tips.…,,,
openpii-20985494,0,GIVENNAME,Danel,"…The second entry, logged by «Danel» Kantshia on May/78, documents the upcycling of discarded wo…",,,
openpii-20985494,1,SURNAME,Kantshia,"…The second entry, logged by Danel «Kantshia» on May/78, documents the upcycling of discarded wooden pall…",,,
openpii-20985494,2,DATE,May/78,"…The second entry, logged by Danel Kantshia on «May/78», documents the upcycling of discarded wooden pallets into a…",,,
openpii-20985494,3,BUILDINGNUM,603,…s into a modular shelving unit; the pieces were measured at «603» x 781 cm and painted using eco‑friendly pigments. The assoc…,,,
openpii-20985494,4,BUILDINGNUM,781,… a modular shelving unit; the pieces were measured at 603 x «781» cm and painted using eco‑friendly pigments. The associated …,,,
openpii-20985494,5,CREDITCARDNUMBER,6529251729639907194,"…d cost was covered using the client’s credit card ending in «6529251729639907194» and the tax deduction was recorded under 15740 17751, while…",,,
openpii-20985494,6,TAXNUM,15740 17751,"…529251729639907194 and the tax deduction was recorded under «15740 17751», while the project’s final inspection is scheduled for 20/0…",,,
openpii-20985494,7,DATE,20/06/1988,"…7751, while the project’s final inspection is scheduled for «20/06/1988».…",,,
openpii-20931921,0,IDCARDNUM,2HTNEP3GCF,…Your reservation under «2HTNEP3GCF» includes a private chalet on Sideline 26 235 overlooking th…,,,
openpii-20931921,1,STREET,Sideline 26,"…r reservation under 2HTNEP3GCF includes a private chalet on «Sideline 26» 235 overlooking the luminous lake, and a nightly rate payab…",,,
openpii-20931921,2,BUILDINGNUM,235,"…n under 2HTNEP3GCF includes a private chalet on Sideline 26 «235» overlooking the luminous lake, and a nightly rate payable v…",,,
openpii-20931921,3,CREDITCARDNUMBER,501873965667045,"…erlooking the luminous lake, and a nightly rate payable via «501873965667045».…",,,
openpii-20931846,0,GENDER,Bigender,…«Bigender» analysts recommend adding a ‘fallback’ rule that triggers w…,,,
openpii-20931846,1,SEX,M,…nd adding a ‘fallback’ rule that triggers when the client’s «M» is listed as ‘Other’ to ensure inclusive coverage.…,,,
openpii-21080019,0,SOCIALNUM,583-48-7718,…rm your attendance by filling out the form and sending your «583-48-7718» along with your details.…,,,
openpii-20928937,0,DATE,18/08/1970,…Final Report – Crowdsourced Savings Endeavor (Period: «18/08/1970» to 12/06/1952). Total participants: 125; total funds collec…,,,
openpii-20928937,1,DATE,12/06/1952,…port – Crowdsourced Savings Endeavor (Period: 18/08/1970 to «12/06/1952»). Total participants: 125; total funds collected: $52125003…,,,
openpii-20928937,2,CREDITCARDNUMBER,5212500387010542,…/06/1952). Total participants: 125; total funds collected: $«5212500387010542»; average contribution per member: $6479605363208747624. The…,,,
openpii-20928937,3,CREDITCARDNUMBER,6479605363208747624,"…ected: $5212500387010542; average contribution per member: $«6479605363208747624». The fund will be allocated to employee wellness programs, …",,,
openpii-20928937,4,CITY,Amaranth,"… allocations will be announced at the upcoming town hall in «Amaranth». For any inquiries, please email amaupiperdy@gmail.com or c…",,,
openpii-20928937,5,EMAIL,amaupiperdy@gmail.com,"…ming town hall in Amaranth. For any inquiries, please email «amaupiperdy@gmail.com» or call +51-733719275.…",,,
openpii-20928937,6,TELEPHONENUM,+51-733719275,"…r any inquiries, please email amaupiperdy@gmail.com or call «+51-733719275».…",,,
openpii-20994756,0,BUILDINGNUM,1951,"… offline printable checklists can be mailed to your home at «1951» Jennett Tree Lane, GU30 7RS, GU35 0AG, GU35 0AH Llangollen …",,,
openpii-20994756,1,STREET,Jennett Tree Lane,"…ine printable checklists can be mailed to your home at 1951 «Jennett Tree Lane», GU30 7RS, GU35 0AG, GU35 0AH Llangollen Llwynmawr and will…",,,
openpii-20994756,2,ZIPCODE,"GU30 7RS, GU35 0AG, GU35 0AH","…lists can be mailed to your home at 1951 Jennett Tree Lane, «GU30 7RS, GU35 0AG, GU35 0AH» Llangollen Llwynmawr and will include a personalized nutrit…",,,
openpii-20994756,3,CITY,Llangollen Llwynmawr,"…ome at 1951 Jennett Tree Lane, GU30 7RS, GU35 0AG, GU35 0AH «Llangollen Llwynmawr» and will include a personalized nutrition plan based on you…",,,
openpii-20994756,4,GENDER,Genderfluid,"…nd will include a personalized nutrition plan based on your «Genderfluid» and F. For privacy, we store your XIAOF 081156 XE 490 and 0…",,,
openpii-20994756,5,SEX,F,"…a personalized nutrition plan based on your Genderfluid and «F». For privacy, we store your XIAOF 081156 XE 490 and 04288-0…",,,
openpii-20994756,6,DRIVERLICENSENUM,XIAOF 081156 XE 490,"…based on your Genderfluid and F. For privacy, we store your «XIAOF 081156 XE 490» and 04288-04387 securely and never share them without conse…",,,
openpii-20994756,7,TAXNUM,04288-04387,"…d and F. For privacy, we store your XIAOF 081156 XE 490 and «04288-04387» securely and never share them without consent.…",,,
openpii-20962286,0,DATE,13/04/1969,…uest – Coral Reef Rehabilitation (Executive Summary)  Date: «13/04/1969» Prepared by: Mstr Neissa Beatriz Lihrmann Contact: Email – …,,,
openpii-20962286,1,TITLE,Mstr,…litation (Executive Summary)  Date: 13/04/1969 Prepared by: «Mstr» Neissa Beatriz Lihrmann Contact: Email – PG@outlook.com; Ph…,,,
openpii-20962286,2,GIVENNAME,Neissa Beatriz,…ion (Executive Summary)  Date: 13/04/1969 Prepared by: Mstr «Neissa Beatriz» Lihrmann Contact: Email – PG@outlook.com; Phone – 03-11-91-…,,,
openpii-20962286,3,SURNAME,Lihrmann,…Summary)  Date: 13/04/1969 Prepared by: Mstr Neissa Beatriz «Lihrmann» Contact: Email – PG@outlook.com; Phone – 03-11-91-69 50  Ou…,,,
openpii-20962286,4,EMAIL,PG@outlook.com,… Prepared by: Mstr Neissa Beatriz Lihrmann Contact: Email – «PG@outlook.com»; Phone – 03-11-91-69 50  Our initiative aims to restore 5 h…,,,
openpii-20962286,5,TELEPHONENUM,03-11-91-69 50,…a Beatriz Lihrmann Contact: Email – PG@outlook.com; Phone – «03-11-91-69 50»  Our initiative aims to restore 5 hectares of degraded cora…,,,
openpii-20962286,6,CITY,Keighley Haworth,…ectares of degraded coral habitat in the waters surrounding «Keighley Haworth» over the next three years. The total budget required is £2.…,,,
openpii-20962286,7,IDCARDNUM,FI27306AG,"…munity liaisons, all of whom have valid identification (ID: «FI27306AG»), driver licences (AVEN9091164A9632) and tax registration n…",,,
openpii-20962286,8,DRIVERLICENSENUM,AVEN9091164A9632,"…have valid identification (ID: FI27306AG), driver licences («AVEN9091164A9632») and tax registration numbers (0026836425).  We request a g…",,,
openpii-20962286,9,TAXNUM,0026836425,…r licences (AVEN9091164A9632) and tax registration numbers («0026836425»).  We request a grant of £1.2 million to fund the initial p…,,,
openpii-20962286,10,TITLE,Mayoress,"…ard marine biodiversity for future generations.  Sincerely, «Mayoress» Fejzulla Juni…",,,
openpii-20962286,11,GIVENNAME,Fejzulla,"…e biodiversity for future generations.  Sincerely, Mayoress «Fejzulla» Juni…",,,
openpii-20962286,12,SURNAME,Juni,"…rsity for future generations.  Sincerely, Mayoress Fejzulla «Juni»…",,,
openpii-21064810,0,IDCARDNUM,612445963543,…All contributors must verify their identity with a valid «612445963543» or 398399027 before their artwork is displayed.…,,,
openpii-21064810,1,PASSPORTNUM,398399027,…ors must verify their identity with a valid 612445963543 or «398399027» before their artwork is displayed.…,,,
openpii-20935198,0,TITLE,Miss,"…Dear «Miss» Léonid Sario, I am writing to request archival records for …",,,
openpii-20935198,1,GIVENNAME,Léonid,"…Dear Miss «Léonid» Sario, I am writing to request archival records for the Nat…",,,
openpii-20935198,2,SURNAME,Sario,"…Dear Miss Léonid «Sario», I am writing to request archival records for the National …",,,
openpii-20935198,3,CITY,Scotch Village,"… records for the National Heritage Trail that traverses the «Scotch Village» National Park, as my research on historic land use requires…",,,
openpii-20935198,4,DATE,"July 6th, 1977","…and use requires verification of original survey dates from «July 6th, 1977». Please forward any documents to my email thadeuscheinemann…",,,
openpii-20935198,5,EMAIL,thadeuscheinemann@yahoo.com,"…om July 6th, 1977. Please forward any documents to my email «thadeuscheinemann@yahoo.com» or contact me at +60-049.752.3287; my identification number…",,,
openpii-20935198,6,TELEPHONENUM,+60-049.752.3287,…ts to my email thadeuscheinemann@yahoo.com or contact me at «+60-049.752.3287»; my identification number is MOK7C88DL5 and I was born on 2…,,,
openpii-20935198,7,IDCARDNUM,MOK7C88DL5,…contact me at +60-049.752.3287; my identification number is «MOK7C88DL5» and I was born on 28/08/1946 (currently 41 years old).…,,,
openpii-20935198,8,DATE,28/08/1946,…7; my identification number is MOK7C88DL5 and I was born on «28/08/1946» (currently 41 years old).…,,,
openpii-20935198,9,AGE,41,…umber is MOK7C88DL5 and I was born on 28/08/1946 (currently «41» years old).…,,,
openpii-20964573,0,GIVENNAME,Choekyi Soleil,"…The digitization effort, led by «Choekyi Soleil» Scirli (DOB: 9th August 1967), will focus on the 18th‑centu…",,,
openpii-20964573,1,SURNAME,Scirli,"…The digitization effort, led by Choekyi Soleil «Scirli» (DOB: 9th August 1967), will focus on the 18th‑century cada…",,,
openpii-20964573,2,DATE,9th August 1967,"…The digitization effort, led by Choekyi Soleil Scirli (DOB: «9th August 1967»), will focus on the 18th‑century cadastral maps of Petersfi…",,,
openpii-20964573,3,CITY,Petersfield,"…ust 1967), will focus on the 18th‑century cadastral maps of «Petersfield». Funding has been secured under tax reference 4781616901, a…",,,
openpii-20964573,4,TAXNUM,4781616901,"…f Petersfield. Funding has been secured under tax reference «4781616901», and the project budget includes a credit line of 450387160…",,,
openpii-20964573,5,CREDITCARDNUMBER,4503871603819,"…781616901, and the project budget includes a credit line of «4503871603819» for equipment procurement. All contributors are required to…",,,
openpii-20964573,6,SOCIALNUM,575 180 8441,"…e required to submit a signed consent form, including their «575 180 8441» and optional 716409938 for international collaborations. Th…",,,
openpii-20964573,7,PASSPORTNUM,716409938,"…ned consent form, including their 575 180 8441 and optional «716409938» for international collaborations. The first batch of scans …",,,
openpii-20964573,8,DATE,09/04/1977,"…ns. The first batch of scans is expected to be available by «09/04/1977», after which a public portal will be launched.…",,,
openpii-21004879,0,TITLE,Mr,"…Dr. «Mr» Ramkumar Schuler-Voith submitted a brief on May 25th, 1940 …",,,
openpii-21004879,1,GIVENNAME,Ramkumar,"…Dr. Mr «Ramkumar» Schuler-Voith submitted a brief on May 25th, 1940 highlight…",,,
openpii-21004879,2,SURNAME,Schuler-Voith,"…Dr. Mr Ramkumar «Schuler-Voith» submitted a brief on May 25th, 1940 highlighting how mycotr…",,,
openpii-21004879,3,DATE,"May 25th, 1940","…Dr. Mr Ramkumar Schuler-Voith submitted a brief on «May 25th, 1940» highlighting how mycotrophic fungi improve phosphorus acqui…",,,
openpii-20959851,0,BUILDINGNUM,306,"…The lease agreement for Studio «306» at Holloway Lane, Retford outlines that the monthly rent of…",,,
openpii-20959851,1,STREET,Holloway Lane,"…The lease agreement for Studio 306 at «Holloway Lane», Retford outlines that the monthly rent of £658155995005326…",,,
openpii-20959851,2,CITY,Retford,"…The lease agreement for Studio 306 at Holloway Lane, «Retford» outlines that the monthly rent of £6581559950053269 is paya…",,,
openpii-20959851,3,CREDITCARDNUMBER,6581559950053269,"…t Holloway Lane, Retford outlines that the monthly rent of £«6581559950053269» is payable on the first of each month, with a security depo…",,,
openpii-20959851,4,CREDITCARDNUMBER,503823779728,"…ble on the first of each month, with a security deposit of £«503823779728» recorded under the tenant’s ID AZ98215DE. The lessee, Mayor…",,,
openpii-20959851,5,IDCARDNUM,AZ98215DE,"…ity deposit of £503823779728 recorded under the tenant’s ID «AZ98215DE». The lessee, Mayoress Henryka Gherzeddine Commisso (DOB: 24…",,,
openpii-20959851,6,TITLE,Mayoress,"…79728 recorded under the tenant’s ID AZ98215DE. The lessee, «Mayoress» Henryka Gherzeddine Commisso (DOB: 24/06/1963), agrees to m…",,,
openpii-20959851,7,GIVENNAME,Henryka,"…orded under the tenant’s ID AZ98215DE. The lessee, Mayoress «Henryka» Gherzeddine Commisso (DOB: 24/06/1963), agrees to maintain …",,,
openpii-20959851,8,SURNAME,Gherzeddine Commisso,"…der the tenant’s ID AZ98215DE. The lessee, Mayoress Henryka «Gherzeddine Commisso» (DOB: 24/06/1963), agrees to maintain the steampunk décor r…",,,
openpii-20959851,9,DATE,24/06/1963,"…DE. The lessee, Mayoress Henryka Gherzeddine Commisso (DOB: «24/06/1963»), agrees to maintain the steampunk décor rules stipulated i…",,,
openpii-20967016,0,TITLE,Mister,"…Dear «Mister» Ludis Schuwirth, we have compiled the latest Debtor Satisfa…",,,
openpii-20967016,1,GIVENNAME,Ludis,"…Dear Mister «Ludis» Schuwirth, we have compiled the latest Debtor Satisfaction …",,,
openpii-20967016,2,SURNAME,Schuwirth,"…Dear Mister Ludis «Schuwirth», we have compiled the latest Debtor Satisfaction Metrics an…",,,
openpii-20967016,3,DATE,February/07,… quarter. Please review the attached summary and respond by «February/07» with any comments.…,,,
openpii-20970705,0,CREDITCARDNUMBER,3189820336342531558,"…ify that the payment was processed using the card ending in «3189820336342531558». Should you notice any discrepancies, contact our billing t…",,,
openpii-20960911,0,DATE,18/12/2010,"…According to the executive summary dated «18/12/2010», employees aged 7 in the private sector benefit from a high…",,,
openpii-20960911,1,AGE,7,"…g to the executive summary dated 18/12/2010, employees aged «7» in the private sector benefit from a higher employer match,…",,,
openpii-20960911,2,GIVENNAME,Radomira,"…er employer match, as illustrated by the chart submitted by «Radomira» at aestaf@outlook.com; the alternative plan in Ashbourne El…",,,
openpii-20960911,3,EMAIL,aestaf@outlook.com,"…match, as illustrated by the chart submitted by Radomira at «aestaf@outlook.com»; the alternative plan in Ashbourne Ellastone shows a slight…",,,
openpii-20960911,4,CITY,Ashbourne Ellastone,… by Radomira at aestaf@outlook.com; the alternative plan in «Ashbourne Ellastone» shows a slightly higher 6244661795596690 fee structure but …,,,
openpii-20960911,5,CREDITCARDNUMBER,6244661795596690,…rnative plan in Ashbourne Ellastone shows a slightly higher «6244661795596690» fee structure but better long‑term growth projections.…,,,
openpii-20991173,0,DATE,24/11/2018,"…nal reminder that your temporary work permit will expire on «24/11/2018»; consequently, your employment will cease on that date. Ens…",,,
openpii-20991173,1,TAXNUM,99529-69130,"…ill cease on that date. Ensure that your tax identification «99529-69130» and personal details, including gender Not specified and ag…",,,
openpii-20991173,2,GENDER,Not specified,"…fication 99529-69130 and personal details, including gender «Not specified» and age 88, are up to date in the system.…",,,
openpii-20991173,3,AGE,88,"…nd personal details, including gender Not specified and age «88», are up to date in the system.…",,,
openpii-21069451,0,TITLE,Mr,…er Harvesting System – Project Summary Report  Prepared by: «Mr» Estèle Chassot Kalamari (ID: 47258501567) Date of Birth: 18…,,,
openpii-21069451,1,GIVENNAME,Estèle,…Harvesting System – Project Summary Report  Prepared by: Mr «Estèle» Chassot Kalamari (ID: 47258501567) Date of Birth: 18/11/199…,,,
openpii-21069451,2,SURNAME,Chassot Kalamari,…ing System – Project Summary Report  Prepared by: Mr Estèle «Chassot Kalamari» (ID: 47258501567) Date of Birth: 18/11/1991 | Age: 30 | Sex…,,,
openpii-21069451,3,IDCARDNUM,47258501567,…ummary Report  Prepared by: Mr Estèle Chassot Kalamari (ID: «47258501567») Date of Birth: 18/11/1991 | Age: 30 | Sex: M | Gender: Tra…,,,
openpii-21069451,4,DATE,18/11/1991,…Mr Estèle Chassot Kalamari (ID: 47258501567) Date of Birth: «18/11/1991» | Age: 30 | Sex: M | Gender: Transgender Contact: 86M@hotma…,,,
openpii-21069451,5,AGE,30,…Kalamari (ID: 47258501567) Date of Birth: 18/11/1991 | Age: «30» | Sex: M | Gender: Transgender Contact: 86M@hotmail.com | P…,,,
openpii-21069451,6,SEX,M,…ID: 47258501567) Date of Birth: 18/11/1991 | Age: 30 | Sex: «M» | Gender: Transgender Contact: 86M@hotmail.com | Phone: 073…,,,
openpii-21069451,7,GENDER,Transgender,…567) Date of Birth: 18/11/1991 | Age: 30 | Sex: M | Gender: «Transgender» Contact: 86M@hotmail.com | Phone: 073.773.6858 Location: 62…,,,
openpii-21069451,8,EMAIL,86M@hotmail.com,"…8/11/1991 | Age: 30 | Sex: M | Gender: Transgender Contact: «86M@hotmail.com» | Phone: 073.773.6858 Location: 629 Riggs Road, Stanton – Z…",,,
openpii-21069451,9,TELEPHONENUM,073.773.6858,"…: M | Gender: Transgender Contact: 86M@hotmail.com | Phone: «073.773.6858» Location: 629 Riggs Road, Stanton – ZIP 80644  The pilot in…",,,
openpii-21069451,10,BUILDINGNUM,629,"…er Contact: 86M@hotmail.com | Phone: 073.773.6858 Location: «629» Riggs Road, Stanton – ZIP 80644  The pilot installation cap…",,,
openpii-21069451,11,STREET,Riggs Road,"…ontact: 86M@hotmail.com | Phone: 073.773.6858 Location: 629 «Riggs Road», Stanton – ZIP 80644  The pilot installation captured an av…",,,
openpii-21069451,12,CITY,Stanton,"…hotmail.com | Phone: 073.773.6858 Location: 629 Riggs Road, «Stanton» – ZIP 80644  The pilot installation captured an average of …",,,
openpii-21069451,13,ZIPCODE,80644,"…Phone: 073.773.6858 Location: 629 Riggs Road, Stanton – ZIP «80644»  The pilot installation captured an average of 3,200 gallon…",,,
openpii-21069451,14,CREDITCARDNUMBER,3626049029833254,"…a payback period of 3.4 years, with a net present value of $«3626049029833254» discounted at 5 %.  Compliance checks confirmed that the sy…",,,
openpii-21069451,15,TAXNUM,62346.92476,"… (EPA) and conforms to the tax incentive requirements under «62346.92476». All personnel involved hold valid certifications, includin…",,,
openpii-21069451,16,DRIVERLICENSENUM,O81SV8519571,"…olved hold valid certifications, including driver licenses («O81SV8519571») and professional engineering licenses.  Recommendations: e…",,,
openpii-21069451,17,BUILDINGNUM,644,"…enses.  Recommendations: expand the system to the adjoining «644» wing, enhance filtration capacity, and apply for the additi…",,,
openpii-21000317,0,TITLE,Mister,"…Dear «Mister» Adjaratou Argemi, we are pleased to offer you the Internati…",,,
openpii-21000317,1,GIVENNAME,Adjaratou,"…Dear Mister «Adjaratou» Argemi, we are pleased to offer you the International Busin…",,,
openpii-21000317,2,SURNAME,Argemi,"…Dear Mister Adjaratou «Argemi», we are pleased to offer you the International Business Int…",,,
openpii-21000317,3,DATE,"February 19th, 1994","…fer you the International Business Internship commencing on «February 19th, 1994» at our London office; please confirm your acceptance by ema…",,,
openpii-21000317,4,EMAIL,AC@outlook.com,…r London office; please confirm your acceptance by emailing «AC@outlook.com» and providing your GZ08298FP and 939676072.…,,,
openpii-21000317,5,IDCARDNUM,GZ08298FP,…ur acceptance by emailing AC@outlook.com and providing your «GZ08298FP» and 939676072.…,,,
openpii-21000317,6,PASSPORTNUM,939676072,…by emailing AC@outlook.com and providing your GZ08298FP and «939676072».…,,,
openpii-20970579,0,TITLE,Mister,"…Dear «Mister» Anchana Kücük Varkan,  We have scheduled a mediation sessio…",,,
openpii-20970579,1,GIVENNAME,Anchana Kücük,"…Dear Mister «Anchana Kücük» Varkan,  We have scheduled a mediation session on July 28th…",,,
openpii-20970579,2,SURNAME,Varkan,"…Dear Mister Anchana Kücük «Varkan»,  We have scheduled a mediation session on July 28th, 1958 …",,,
openpii-20970579,3,DATE,"July 28th, 1958","…ana Kücük Varkan,  We have scheduled a mediation session on «July 28th, 1958» to address the recent workplace tension reported by Xinchen…",,,
openpii-20970579,4,GIVENNAME,Xinchen Bineta,"…h, 1958 to address the recent workplace tension reported by «Xinchen Bineta» and Nicolet; please confirm your availability by replying t…",,,
openpii-20970579,5,GIVENNAME,Nicolet,…the recent workplace tension reported by Xinchen Bineta and «Nicolet»; please confirm your availability by replying to armusch@ao…,,,
openpii-20970579,6,EMAIL,armusch@aol.com,…nd Nicolet; please confirm your availability by replying to «armusch@aol.com» and bring your employee ID (CH57626KS) for verification.…,,,
openpii-20970579,7,IDCARDNUM,CH57626KS,… by replying to armusch@aol.com and bring your employee ID («CH57626KS») for verification.…,,,
openpii-21087328,0,GIVENNAME,Rogério,"…Patient: «Rogério» Pillwein, Gender: Genderfluid, Social Security: 780311603; …",,,
openpii-21087328,1,SURNAME,Pillwein,"…Patient: Rogério «Pillwein», Gender: Genderfluid, Social Security: 780311603; The presc…",,,
openpii-21087328,2,GENDER,Genderfluid,"…Patient: Rogério Pillwein, Gender: «Genderfluid», Social Security: 780311603; The prescribed Cardiac Output …",,,
openpii-21087328,3,SOCIALNUM,780311603,"…nt: Rogério Pillwein, Gender: Genderfluid, Social Security: «780311603»; The prescribed Cardiac Output Improvement Exercise schedul…",,,
openpii-21087328,4,DATE,"September 8th, 1943","…Improvement Exercise schedule includes aerobic intervals on «September 8th, 1943», with intensity calibrated to reach 70% of maximum heart ra…",,,
openpii-21087328,5,CREDITCARDNUMBER,4650399850599676,"…aximum heart rate. Equipment needed: a treadmill (Model ID: «4650399850599676» for tracking), and a heart rate monitor (Serial: 211716149)…",,,
openpii-21087328,6,PASSPORTNUM,211716149,"…9850599676 for tracking), and a heart rate monitor (Serial: «211716149»). Please confirm receipt of this plan by replying to reeste…",,,
openpii-21087328,7,EMAIL,reeste@hotmail.com,…716149). Please confirm receipt of this plan by replying to «reeste@hotmail.com» or calling 01741.715-841.0469 before 28th November 2004.…,,,
openpii-21087328,8,TELEPHONENUM,01741.715-841.0469,…t of this plan by replying to reeste@hotmail.com or calling «01741.715-841.0469» before 28th November 2004.…,,,
openpii-21087328,9,DATE,28th November 2004,… to reeste@hotmail.com or calling 01741.715-841.0469 before «28th November 2004».…,,,
openpii-20948768,0,DATE,26/09/2020,…Equipment list for «26/09/2020» rehearsal: Flutes – Yuval Clarinets – Geremy Percussion – B…,,,
openpii-20948768,1,GIVENNAME,Yuval,…Equipment list for 26/09/2020 rehearsal: Flutes – «Yuval» Clarinets – Geremy Percussion – Bengt Henri-François…,,,
openpii-20948768,2,GIVENNAME,Geremy,…t list for 26/09/2020 rehearsal: Flutes – Yuval Clarinets – «Geremy» Percussion – Bengt Henri-François…,,,
openpii-20948768,3,GIVENNAME,Bengt Henri-François,…0 rehearsal: Flutes – Yuval Clarinets – Geremy Percussion – «Bengt Henri-François»…,,,
openpii-21070619,0,TITLE,Miss,"…Dear «Miss» Brebbia Eshrefi, as part of our fiduciary duty under the Em…",,,
openpii-21070619,1,SURNAME,Brebbia Eshrefi,"…Dear Miss «Brebbia Eshrefi», as part of our fiduciary duty under the Employee Retiremen…",,,
openpii-21070619,2,DATE,02/05/1940,… must complete the compliance review of the pension plan by «02/05/1940» and confirm that the asset allocation aligns with the risk …,,,
openpii-21070619,3,GIVENNAME,Kayal,"… allocation aligns with the risk profile of members such as «Kayal» Boutarfay, who is 33 years old. Please forward any relevant…",,,
openpii-21070619,4,SURNAME,Boutarfay,"…ation aligns with the risk profile of members such as Kayal «Boutarfay», who is 33 years old. Please forward any relevant documenta…",,,
openpii-21070619,5,AGE,33,"…the risk profile of members such as Kayal Boutarfay, who is «33» years old. Please forward any relevant documentation, inclu…",,,
openpii-21070619,6,IDCARDNUM,61872797472,"…se forward any relevant documentation, including the latest «61872797472» and 00066-46990 filings, to my office. I will be available …",,,
openpii-21070619,7,TAXNUM,00066-46990,"…elevant documentation, including the latest 61872797472 and «00066-46990» filings, to my office. I will be available for questions at…",,,
openpii-21070619,8,TELEPHONENUM,+14 46586-6825,"…filings, to my office. I will be available for questions at «+14 46586-6825».…",,,
openpii-21089845,0,GIVENNAME,Islay,…Registration Form: 1) Full Name – «Islay» Sommet; 2) Date of Birth – 1948-01-26T00:00:00; 3) Gender –…,,,
openpii-21089845,1,SURNAME,Sommet,…Registration Form: 1) Full Name – Islay «Sommet»; 2) Date of Birth – 1948-01-26T00:00:00; 3) Gender – Gender…,,,
openpii-21089845,2,DATE,1948-01-26T00:00:00,…ation Form: 1) Full Name – Islay Sommet; 2) Date of Birth – «1948-01-26T00:00:00»; 3) Gender – Genderqueer; 4) Contact – +18 64 975-2506 / S@…,,,
openpii-21089845,3,GENDER,Genderqueer,…Sommet; 2) Date of Birth – 1948-01-26T00:00:00; 3) Gender – «Genderqueer»; 4) Contact – +18 64 975-2506 / S@gmail.com; 5) Address – R…,,,
openpii-21089845,4,TELEPHONENUM,+18 64 975-2506,"… 1948-01-26T00:00:00; 3) Gender – Genderqueer; 4) Contact – «+18 64 975-2506» / S@gmail.com; 5) Address – Romani Street 16, Lebanon 53140…",,,
openpii-21089845,5,EMAIL,S@gmail.com,"…00; 3) Gender – Genderqueer; 4) Contact – +18 64 975-2506 / «S@gmail.com»; 5) Address – Romani Street 16, Lebanon 53140-3798; 6) Tax …",,,
openpii-21089845,6,STREET,Romani Street,"…r; 4) Contact – +18 64 975-2506 / S@gmail.com; 5) Address – «Romani Street» 16, Lebanon 53140-3798; 6) Tax ID – 72237.70327 and Emergen…",,,
openpii-21089845,7,BUILDINGNUM,16,"…– +18 64 975-2506 / S@gmail.com; 5) Address – Romani Street «16», Lebanon 53140-3798; 6) Tax ID – 72237.70327 and Emergency …",,,
openpii-21089845,8,CITY,Lebanon,"…8 64 975-2506 / S@gmail.com; 5) Address – Romani Street 16, «Lebanon» 53140-3798; 6) Tax ID – 72237.70327 and Emergency Contact –…",,,
openpii-21089845,9,ZIPCODE,53140-3798,"…-2506 / S@gmail.com; 5) Address – Romani Street 16, Lebanon «53140-3798»; 6) Tax ID – 72237.70327 and Emergency Contact – Tashi Kuti…",,,
openpii-21089845,10,TAXNUM,72237.70327,"…Address – Romani Street 16, Lebanon 53140-3798; 6) Tax ID – «72237.70327» and Emergency Contact – Tashi Kutin (001 289 725-7639).…",,,
openpii-21089845,11,GIVENNAME,Tashi,…53140-3798; 6) Tax ID – 72237.70327 and Emergency Contact – «Tashi» Kutin (001 289 725-7639).…,,,
openpii-21089845,12,SURNAME,Kutin,…3798; 6) Tax ID – 72237.70327 and Emergency Contact – Tashi «Kutin» (001 289 725-7639).…,,,
openpii-21089845,13,TELEPHONENUM,001 289 725-7639,…) Tax ID – 72237.70327 and Emergency Contact – Tashi Kutin («001 289 725-7639»).…,,,
openpii-20992824,0,TITLE,Mr,"…Dear «Mr» Kengatharan Ramadan, we are rolling out a new change manage…",,,
openpii-20992824,1,GIVENNAME,Kengatharan,"…Dear Mr «Kengatharan» Ramadan, we are rolling out a new change management framewo…",,,
openpii-20992824,2,SURNAME,Ramadan,"…Dear Mr Kengatharan «Ramadan», we are rolling out a new change management framework for r…",,,
openpii-20992824,3,DATE,4th June 1968,…change management framework for remote teams effective from «4th June 1968». Please review the attached policy and direct any questions…,,,
openpii-20992824,4,EMAIL,T@hotmail.com,…ease review the attached policy and direct any questions to «T@hotmail.com» or call +44-50 662-1284.…,,,
openpii-20992824,5,TELEPHONENUM,+44-50 662-1284,…ed policy and direct any questions to T@hotmail.com or call «+44-50 662-1284».…,,,
openpii-20979803,0,SOCIALNUM,951-145-7537,"…For tax reporting, we require your Social Security number: «951-145-7537» and your national ID: QR01941AK.…",,,
openpii-20979803,1,IDCARDNUM,QR01941AK,… Social Security number: 951-145-7537 and your national ID: «QR01941AK».…,,,
openpii-21003241,0,GIVENNAME,Krikor,…Poetry Submission Form – Rituals and Practices:  Name: «Krikor» Peñafiel Straesslé Date of Birth: 15th February 1985 Age: 3…,,,
openpii-21003241,1,SURNAME,Peñafiel Straesslé,…etry Submission Form – Rituals and Practices:  Name: Krikor «Peñafiel Straesslé» Date of Birth: 15th February 1985 Age: 33 Sex: Female Gende…,,,
openpii-21003241,2,DATE,15th February 1985,… Practices:  Name: Krikor Peñafiel Straesslé Date of Birth: «15th February 1985» Age: 33 Sex: Female Gender: Agender Email: 29JA@protonmail.…,,,
openpii-21003241,3,AGE,33,…r Peñafiel Straesslé Date of Birth: 15th February 1985 Age: «33» Sex: Female Gender: Agender Email: 29JA@protonmail.com Phon…,,,
openpii-21003241,4,SEX,Female,…el Straesslé Date of Birth: 15th February 1985 Age: 33 Sex: «Female» Gender: Agender Email: 29JA@protonmail.com Phone: +3868405 …,,,
openpii-21003241,5,GENDER,Agender,…te of Birth: 15th February 1985 Age: 33 Sex: Female Gender: «Agender» Email: 29JA@protonmail.com Phone: +3868405 8926 Passport No…,,,
openpii-21003241,6,EMAIL,29JA@protonmail.com,…th February 1985 Age: 33 Sex: Female Gender: Agender Email: «29JA@protonmail.com» Phone: +3868405 8926 Passport No.: 628621883 Address: 53 Sc…,,,
openpii-21003241,7,TELEPHONENUM,+3868405 8926,"…x: Female Gender: Agender Email: 29JA@protonmail.com Phone: «+3868405 8926» Passport No.: 628621883 Address: 53 Scackleton Lane, Kirkby…",,,
openpii-21003241,8,PASSPORTNUM,628621883,"…ail: 29JA@protonmail.com Phone: +3868405 8926 Passport No.: «628621883» Address: 53 Scackleton Lane, Kirkby Stephen Kaber, N22 6BN …",,,
openpii-21003241,9,BUILDINGNUM,53,"…l.com Phone: +3868405 8926 Passport No.: 628621883 Address: «53» Scackleton Lane, Kirkby Stephen Kaber, N22 6BN  Please atta…",,,
openpii-21003241,10,STREET,Scackleton Lane,"…om Phone: +3868405 8926 Passport No.: 628621883 Address: 53 «Scackleton Lane», Kirkby Stephen Kaber, N22 6BN  Please attach your poem (ma…",,,
openpii-21003241,11,CITY,Kirkby Stephen Kaber,"…5 8926 Passport No.: 628621883 Address: 53 Scackleton Lane, «Kirkby Stephen Kaber», N22 6BN  Please attach your poem (max 500 words) and submi…",,,
openpii-21003241,12,ZIPCODE,N22 6BN,"…28621883 Address: 53 Scackleton Lane, Kirkby Stephen Kaber, «N22 6BN»  Please attach your poem (max 500 words) and submit by 02/0…",,,
openpii-21003241,13,DATE,02/03/1979,… 6BN  Please attach your poem (max 500 words) and submit by «02/03/1979».…,,,
openpii-20918322,0,TITLE,Master,"…«Master» Villi Nuvolone (age 19, born on 08/05/2021) is invited to r…",,,
openpii-20918322,1,GIVENNAME,Villi,"…Master «Villi» Nuvolone (age 19, born on 08/05/2021) is invited to review …",,,
openpii-20918322,2,SURNAME,Nuvolone,"…Master Villi «Nuvolone» (age 19, born on 08/05/2021) is invited to review their Per…",,,
openpii-20918322,3,AGE,19,"…Master Villi Nuvolone (age «19», born on 08/05/2021) is invited to review their Personalize…",,,
openpii-20918322,4,DATE,08/05/2021,"…Master Villi Nuvolone (age 19, born on «08/05/2021») is invited to review their Personalized Ancestral Health D…",,,
openpii-20918322,5,EMAIL,ACS15@protonmail.com,… with lifestyle metrics; the summary report will be sent to «ACS15@protonmail.com» and a printable copy can be collected at the health centre …,,,
openpii-20918322,6,DATE,21/04/1997,"…d a printable copy can be collected at the health centre on «21/04/1997» located at 3572 Road 72 North, Bowman (postal code V4Z).…",,,
openpii-20918322,7,BUILDINGNUM,3572,"… be collected at the health centre on 21/04/1997 located at «3572» Road 72 North, Bowman (postal code V4Z).…",,,
openpii-20918322,8,STREET,Road 72 North,"…ollected at the health centre on 21/04/1997 located at 3572 «Road 72 North», Bowman (postal code V4Z).…",,,
openpii-20918322,9,CITY,Bowman,"… health centre on 21/04/1997 located at 3572 Road 72 North, «Bowman» (postal code V4Z).…",,,
openpii-20918322,10,ZIPCODE,V4Z,"…/04/1997 located at 3572 Road 72 North, Bowman (postal code «V4Z»).…",,,
openpii-21096180,0,DRIVERLICENSENUM,F703155384875,…All contractors must provide a valid «F703155384875» and proof of age (9) before commencing work on the revitali…,,,
openpii-21096180,1,AGE,9,…actors must provide a valid F703155384875 and proof of age («9») before commencing work on the revitalized park in Landers.…,,,
openpii-21096180,2,CITY,Landers,…f age (9) before commencing work on the revitalized park in «Landers».…,,,
openpii-20998862,0,GIVENNAME,Tallya Aidee,…ofiling Questionnaire  1. Full Name: ______________________ «Tallya Aidee» Ramushoski 2. Date of Birth: _______________ 23rd November …,,,
openpii-20998862,1,SURNAME,Ramushoski,…ionnaire  1. Full Name: ______________________ Tallya Aidee «Ramushoski» 2. Date of Birth: _______________ 23rd November 1941 3. Cur…,,,
openpii-20998862,2,DATE,23rd November 1941,…_ Tallya Aidee Ramushoski 2. Date of Birth: _______________ «23rd November 1941» 3. Current Age: ________________ 1 4. Sex: ________________…,,,
openpii-20998862,3,AGE,1,…_______ 23rd November 1941 3. Current Age: ________________ «1» 4. Sex: _______________________ Female 5. Email Address: __…,,,
openpii-20998862,4,SEX,Female,…ent Age: ________________ 1 4. Sex: _______________________ «Female» 5. Email Address: _____________ G@gmail.com 6. Telephone: _…,,,
openpii-20998862,5,EMAIL,G@gmail.com,…____________________ Female 5. Email Address: _____________ «G@gmail.com» 6. Telephone: ________________ 00447.456-522.2272 7. Reside…,,,
openpii-20998862,6,TELEPHONENUM,00447.456-522.2272,"…s: _____________ G@gmail.com 6. Telephone: ________________ «00447.456-522.2272» 7. Residential Address: _______ 2298 Main Road, Norwich, LL…",,,
openpii-20998862,7,BUILDINGNUM,2298,"…________ 00447.456-522.2272 7. Residential Address: _______ «2298» Main Road, Norwich, LL13 8. Tax Identification No.: ____ 28…",,,
openpii-20998862,8,STREET,Main Road,"…___ 00447.456-522.2272 7. Residential Address: _______ 2298 «Main Road», Norwich, LL13 8. Tax Identification No.: ____ 28740-91005 …",,,
openpii-20998862,9,CITY,Norwich,"…56-522.2272 7. Residential Address: _______ 2298 Main Road, «Norwich», LL13 8. Tax Identification No.: ____ 28740-91005 9. Invest…",,,
openpii-20998862,10,ZIPCODE,LL13,"…72 7. Residential Address: _______ 2298 Main Road, Norwich, «LL13» 8. Tax Identification No.: ____ 28740-91005 9. Investment E…",,,
openpii-20998862,11,TAXNUM,28740-91005,"…98 Main Road, Norwich, LL13 8. Tax Identification No.: ____ «28740-91005» 9. Investment Experience (years): ___ 48 (approx.) 10. Desi…",,,
openpii-20998862,12,AGE,48,…No.: ____ 28740-91005 9. Investment Experience (years): ___ «48» (approx.) 10. Desired Risk Level: ☐ Low ☐ Medium ☐ High (pl…,,,
openpii-20998862,13,DATE,6th May 1993,…lease sign below: ________________________ Date: __________ «6th May 1993»…,,,
openpii-20923499,0,TITLE,Mister,…«Mister» Graziosa Courtens reflects on how 64 years of experience re…,,,
openpii-20923499,1,GIVENNAME,Graziosa,…Mister «Graziosa» Courtens reflects on how 64 years of experience reshaped a …,,,
openpii-20923499,2,SURNAME,Courtens,…Mister Graziosa «Courtens» reflects on how 64 years of experience reshaped a personal …,,,
openpii-20923499,3,AGE,64,…Mister Graziosa Courtens reflects on how «64» years of experience reshaped a personal vision of success. …,,,
openpii-20923499,4,DATE,"July 15th, 1951","…ars of experience reshaped a personal vision of success. On «July 15th, 1951» in Brampton they drafted a manifesto that blends ambition w…",,,
openpii-20923499,5,CITY,Brampton,"…eshaped a personal vision of success. On July 15th, 1951 in «Brampton» they drafted a manifesto that blends ambition with wellbein…",,,
openpii-20923499,6,EMAIL,P@hotmail.com,…n with wellbeing. For collaborations they can be reached at «P@hotmail.com» or by phone at +70-44-840.9325.…,,,
openpii-20923499,7,TELEPHONENUM,+70-44-840.9325,…rations they can be reached at P@hotmail.com or by phone at «+70-44-840.9325».…,,,
openpii-21065631,0,TITLE,Madame,"…«Madame» Giannetta Cathelin writes to investors on October 25th, 198…",,,
openpii-21065631,1,GIVENNAME,Giannetta,"…Madame «Giannetta» Cathelin writes to investors on October 25th, 1983 to outli…",,,
openpii-21065631,2,SURNAME,Cathelin,"…Madame Giannetta «Cathelin» writes to investors on October 25th, 1983 to outline the eq…",,,
openpii-21065631,3,DATE,"October 25th, 1983","…Madame Giannetta Cathelin writes to investors on «October 25th, 1983» to outline the equity dilution risk that comes with a new f…",,,
openpii-21065631,4,EMAIL,19KLC@aol.com,"…k that comes with a new funding round. The email, sent from «19KLC@aol.com», explains that the upcoming Series B may reduce the founder…",,,
openpii-21065631,5,TELEPHONENUM,+11 13111 8049,"…uestions, investors are asked to call the finance office at «+11 13111 8049» or visit the corporate office in Newton.…",,,
openpii-21065631,6,CITY,Newton,…e office at +11 13111 8049 or visit the corporate office in «Newton».…,,,
openpii-20917917,0,GIVENNAME,Mohaned Sindri,"…Our horticulturist, «Mohaned Sindri» Moulton, will bring a selection of moonflower and evening p…",,,
openpii-20917917,1,SURNAME,Moulton,"…Our horticulturist, Mohaned Sindri «Moulton», will bring a selection of moonflower and evening primrose …",,,
openpii-20917917,2,TELEPHONENUM,+53 31.462.2537,…lower and evening primrose varieties; you can reach them at «+53 31.462.2537» or via email at dskipper@gmail.com for any special planting…,,,
openpii-20917917,3,EMAIL,dskipper@gmail.com,…ties; you can reach them at +53 31.462.2537 or via email at «dskipper@gmail.com» for any special planting preferences.…,,,
openpii-21074003,0,TITLE,Mister,"…Welcome to the Serenity Health Retreat, «Mister» Iury D'aurelio; please confirm your stay dates from Decembe…",,,
openpii-21074003,1,GIVENNAME,Iury,"…Welcome to the Serenity Health Retreat, Mister «Iury» D'aurelio; please confirm your stay dates from December 7th…",,,
openpii-21074003,2,SURNAME,D'aurelio,"…Welcome to the Serenity Health Retreat, Mister Iury «D'aurelio»; please confirm your stay dates from December 7th, 1990 to …",,,
openpii-21074003,3,DATE,"December 7th, 1990","… Mister Iury D'aurelio; please confirm your stay dates from «December 7th, 1990» to September/47 and provide a copy of your 138044377 and em…",,,
openpii-21074003,4,DATE,September/47,"…; please confirm your stay dates from December 7th, 1990 to «September/47» and provide a copy of your 138044377 and emergency contact …",,,
openpii-21074003,5,PASSPORTNUM,138044377,"…cember 7th, 1990 to September/47 and provide a copy of your «138044377» and emergency contact +88-48466-6341.…",,,
openpii-21074003,6,TELEPHONENUM,+88-48466-6341,… and provide a copy of your 138044377 and emergency contact «+88-48466-6341».…,,,
openpii-21099709,0,GIVENNAME,Marijo,…Traditional Rice Dish Survey  1. Full Name: «Marijo» Rouaze Dati 2. Age: 73 3. Gender: Bigender 4. Preferred Ric…,,,
openpii-21099709,1,SURNAME,Rouaze Dati,…Traditional Rice Dish Survey  1. Full Name: Marijo «Rouaze Dati» 2. Age: 73 3. Gender: Bigender 4. Preferred Rice Variety (e…,,,
openpii-21099709,2,AGE,73,"… Rice Dish Survey  1. Full Name: Marijo Rouaze Dati 2. Age: «73» 3. Gender: Bigender 4. Preferred Rice Variety (e.g., Basmat…",,,
openpii-21099709,3,GENDER,Bigender,"…vey  1. Full Name: Marijo Rouaze Dati 2. Age: 73 3. Gender: «Bigender» 4. Preferred Rice Variety (e.g., Basmati, Arborio): _______…",,,
openpii-21099709,4,CITY,Franklin,"… (e.g., Basmati, Arborio): __________ 5. City of Residence: «Franklin» 6. Contact Email: lukcroonenbe@tutanota.com 7. Phone: +2443…",,,
openpii-21099709,5,EMAIL,lukcroonenbe@tutanota.com,…__________ 5. City of Residence: Franklin 6. Contact Email: «lukcroonenbe@tutanota.com» 7. Phone: +2443301 5701 8. Social Security #: 841-22-5435 9…,,,
openpii-21099709,6,TELEPHONENUM,+2443301 5701,…nklin 6. Contact Email: lukcroonenbe@tutanota.com 7. Phone: «+2443301 5701» 8. Social Security #: 841-22-5435 9. Tax ID: 92577.17359 10…,,,
openpii-21099709,7,SOCIALNUM,841-22-5435,…@tutanota.com 7. Phone: +2443301 5701 8. Social Security #: «841-22-5435» 9. Tax ID: 92577.17359 10. Signature: _____________________…,,,
openpii-21099709,8,TAXNUM,92577.17359,… +2443301 5701 8. Social Security #: 841-22-5435 9. Tax ID: «92577.17359» 10. Signature: _____________________   Date: 10/30/2015…,,,
openpii-21099709,9,DATE,10/30/2015,…D: 92577.17359 10. Signature: _____________________   Date: «10/30/2015»…,,,
openpii-20913654,0,TITLE,Miss,…Our guided ferry tour led by «Miss» Juel Zhang offers insight into the harbor's maritime histor…,,,
openpii-20913654,1,GIVENNAME,Juel,…Our guided ferry tour led by Miss «Juel» Zhang offers insight into the harbor's maritime history. Pa…,,,
openpii-20913654,2,SURNAME,Zhang,…Our guided ferry tour led by Miss Juel «Zhang» offers insight into the harbor's maritime history. Passenge…,,,
openpii-20913654,3,PASSPORTNUM,MN7174534,… harbor's maritime history. Passengers must present a valid «MN7174534» or 6G67ND0WIJ at check‑in. The departure date is scheduled …,,,
openpii-20913654,4,IDCARDNUM,6G67ND0WIJ,…itime history. Passengers must present a valid MN7174534 or «6G67ND0WIJ» at check‑in. The departure date is scheduled for 12/02/1995…,,,
openpii-20913654,5,DATE,12/02/1995,"…6G67ND0WIJ at check‑in. The departure date is scheduled for «12/02/1995», and tickets are limited to travelers aged 13 or older.…",,,
openpii-20913654,6,AGE,13,"…d for 12/02/1995, and tickets are limited to travelers aged «13» or older.…",,,
openpii-20940484,0,TITLE,Madame,"…Dear «Madame» Elizangela Piessenberger,  We are excited to invite you to …",,,
openpii-20940484,1,GIVENNAME,Elizangela,"…Dear Madame «Elizangela» Piessenberger,  We are excited to invite you to our new car…",,,
openpii-20940484,2,SURNAME,Piessenberger,"…Dear Madame Elizangela «Piessenberger»,  We are excited to invite you to our new cardio series foc…",,,
openpii-20940484,3,DATE,27/12/1969,"… cardio series focused on women’s health. Sessions start on «27/12/1969» at 7:00 am in the community centre, 2nd floor, room 941. Pl…",,,
openpii-20940484,4,BUILDINGNUM,941,"…12/1969 at 7:00 am in the community centre, 2nd floor, room «941». Please confirm your attendance by replying to 21AR@gmail.c…",,,
openpii-20940484,5,EMAIL,21AR@gmail.com,"…or, room 941. Please confirm your attendance by replying to «21AR@gmail.com» with your 77 and M details. Feel free to bring a friend—jus…",,,
openpii-20940484,6,AGE,77,…irm your attendance by replying to 21AR@gmail.com with your «77» and M details. Feel free to bring a friend—just share their…,,,
openpii-20940484,7,SEX,M,…r attendance by replying to 21AR@gmail.com with your 77 and «M» details. Feel free to bring a friend—just share their Pushp…,,,
openpii-20940484,8,GIVENNAME,Pushpendra,"…and M details. Feel free to bring a friend—just share their «Pushpendra» and Salgueiro so we can prepare name tags.  Best regards, A…",,,
openpii-20940484,9,SURNAME,Salgueiro,"…Feel free to bring a friend—just share their Pushpendra and «Salgueiro» so we can prepare name tags.  Best regards, Andréane Zerraï…",,,
openpii-20940484,10,GIVENNAME,Andréane,"…a and Salgueiro so we can prepare name tags.  Best regards, «Andréane» Zerraïa Program Coordinator +1 320-132.1507…",,,
openpii-20940484,11,SURNAME,Zerraïa,"…gueiro so we can prepare name tags.  Best regards, Andréane «Zerraïa» Program Coordinator +1 320-132.1507…",,,
openpii-20940484,12,TELEPHONENUM,+1 320-132.1507,"…e tags.  Best regards, Andréane Zerraïa Program Coordinator «+1 320-132.1507»…",,,
openpii-20981444,0,DATE,August/95,…«August/95» – The provenance report compiled by Mrs Bledion Nikolaus Gu…,,,
openpii-20981444,1,TITLE,Mrs,…August/95 – The provenance report compiled by «Mrs» Bledion Nikolaus Gutermann records the originating collecti…,,,
openpii-20981444,2,GIVENNAME,Bledion Nikolaus,…August/95 – The provenance report compiled by Mrs «Bledion Nikolaus» Gutermann records the originating collection at Chinnor Roa…,,,
openpii-20981444,3,SURNAME,Gutermann,"…95 – The provenance report compiled by Mrs Bledion Nikolaus «Gutermann» records the originating collection at Chinnor Road No. 471,…",,,
openpii-20981444,4,STREET,Chinnor Road,"…on Nikolaus Gutermann records the originating collection at «Chinnor Road» No. 471, Bradford-on-Avon South Wraxall (ZIP CW8 3EZ).…",,,
openpii-20981444,5,BUILDINGNUM,471,"…mann records the originating collection at Chinnor Road No. «471», Bradford-on-Avon South Wraxall (ZIP CW8 3EZ).…",,,
openpii-20981444,6,CITY,Bradford-on-Avon South Wraxall,"…records the originating collection at Chinnor Road No. 471, «Bradford-on-Avon South Wraxall» (ZIP CW8 3EZ).…",,,
openpii-20981444,7,ZIPCODE,CW8 3EZ,"…t Chinnor Road No. 471, Bradford-on-Avon South Wraxall (ZIP «CW8 3EZ»).…",,,
openpii-20954512,0,STREET,Clarence Drive,…Your garden plot at «Clarence Drive» No. 720 in Redditch Callow Hill is allocated the postcode S…,,,
openpii-20954512,1,BUILDINGNUM,720,…Your garden plot at Clarence Drive No. «720» in Redditch Callow Hill is allocated the postcode SO32.…,,,
openpii-20954512,2,CITY,Redditch Callow Hill,…Your garden plot at Clarence Drive No. 720 in «Redditch Callow Hill» is allocated the postcode SO32.…,,,
openpii-20954512,3,ZIPCODE,SO32,…e No. 720 in Redditch Callow Hill is allocated the postcode «SO32».…,,,
openpii-20938724,0,TITLE,Mstr,"…Dear «Mstr» Ayushman Wolber, congratulations on reaching your 41-year m…",,,
openpii-20938724,1,GIVENNAME,Ayushman,"…Dear Mstr «Ayushman» Wolber, congratulations on reaching your 41-year milestone …",,,
openpii-20938724,2,SURNAME,Wolber,"…Dear Mstr Ayushman «Wolber», congratulations on reaching your 41-year milestone of a su…",,,
openpii-20938724,3,AGE,41,"…Dear Mstr Ayushman Wolber, congratulations on reaching your «41»-year milestone of a substance‑free lifestyle! We are deligh…",,,
openpii-20938724,4,DATE,23/07/1970,"… are delighted to invite you to the celebration ceremony on «23/07/1970» at the community centre located at 900 Range Road 2072, Tow…",,,
openpii-20938724,5,BUILDINGNUM,900,"…n ceremony on 23/07/1970 at the community centre located at «900» Range Road 2072, Town of Plympton Wyoming, S0G. Please RSVP…",,,
openpii-20938724,6,STREET,Range Road 2072,"…remony on 23/07/1970 at the community centre located at 900 «Range Road 2072», Town of Plympton Wyoming, S0G. Please RSVP to B@outlook.co…",,,
openpii-20938724,7,CITY,Town of Plympton Wyoming,"…970 at the community centre located at 900 Range Road 2072, «Town of Plympton Wyoming», S0G. Please RSVP to B@outlook.com or call +441.92 571-9308…",,,
openpii-20938724,8,ZIPCODE,S0G,"…e located at 900 Range Road 2072, Town of Plympton Wyoming, «S0G». Please RSVP to B@outlook.com or call +441.92 571-9308 by N…",,,
openpii-20938724,9,EMAIL,B@outlook.com,"…ge Road 2072, Town of Plympton Wyoming, S0G. Please RSVP to «B@outlook.com» or call +441.92 571-9308 by November 17th, 1976 so we can a…",,,
openpii-20938724,10,TELEPHONENUM,+441.92 571-9308,"…Plympton Wyoming, S0G. Please RSVP to B@outlook.com or call «+441.92 571-9308» by November 17th, 1976 so we can arrange appropriate accomm…",,,
openpii-20938724,11,DATE,"November 17th, 1976","…G. Please RSVP to B@outlook.com or call +441.92 571-9308 by «November 17th, 1976» so we can arrange appropriate accommodations.…",,,
openpii-21074742,0,AGE,50,… Service Quality Review reveals an average handling time of «50» minutes and a satisfaction score of Male out of 5. Key cont…,,,
openpii-21074742,1,GENDER,Male,…age handling time of 50 minutes and a satisfaction score of «Male» out of 5. Key contributors include Soodabeh Stitic-Tadic He…,,,
openpii-21074742,2,GIVENNAME,Soodabeh,…tisfaction score of Male out of 5. Key contributors include «Soodabeh» Stitic-Tadic Hetherington Peternier (ID 1284539897874) and …,,,
openpii-21074742,3,SURNAME,Stitic-Tadic Hetherington Peternier,…n score of Male out of 5. Key contributors include Soodabeh «Stitic-Tadic Hetherington Peternier» (ID 1284539897874) and Thys Dahéron (Tax ID 99621.32533). P…,,,
openpii-21074742,4,IDCARDNUM,1284539897874,…rs include Soodabeh Stitic-Tadic Hetherington Peternier (ID «1284539897874») and Thys Dahéron (Tax ID 99621.32533). Please ensure all f…,,,
openpii-21074742,5,GIVENNAME,Thys,… Stitic-Tadic Hetherington Peternier (ID 1284539897874) and «Thys» Dahéron (Tax ID 99621.32533). Please ensure all future repo…,,,
openpii-21074742,6,SURNAME,Dahéron,…ic-Tadic Hetherington Peternier (ID 1284539897874) and Thys «Dahéron» (Tax ID 99621.32533). Please ensure all future reports refe…,,,
openpii-21074742,7,TAXNUM,99621.32533,…ngton Peternier (ID 1284539897874) and Thys Dahéron (Tax ID «99621.32533»). Please ensure all future reports reference the standard f…,,,
openpii-21074742,8,PASSPORTNUM,986505986,…e standard format and include the updated passport numbers («986505986») for compliance audits. The next review cycle begins on 18t…,,,
openpii-21074742,9,DATE,18th September 1955,…986) for compliance audits. The next review cycle begins on «18th September 1955»; mark your calendars accordingly.…,,,
openpii-21085862,0,EMAIL,E@protonmail.com,…ny allergies; please note them in the form attached to your «E@protonmail.com» confirmation.…,,,
openpii-21109207,0,GIVENNAME,Zandra,…es the following details for each protector: 1) Full name – «Zandra» Schlegel-Schmid; 2) Title – Miss; 3) Contact – phone +5.40 …,,,
openpii-21109207,1,SURNAME,Schlegel-Schmid,…following details for each protector: 1) Full name – Zandra «Schlegel-Schmid»; 2) Title – Miss; 3) Contact – phone +5.40 755.3155 and ema…,,,
openpii-21109207,2,TITLE,Miss,…rotector: 1) Full name – Zandra Schlegel-Schmid; 2) Title – «Miss»; 3) Contact – phone +5.40 755.3155 and email thagarfias@hot…,,,
openpii-21109207,3,TELEPHONENUM,+5.40 755.3155,…Zandra Schlegel-Schmid; 2) Title – Miss; 3) Contact – phone «+5.40 755.3155» and email thagarfias@hotmail.com; 4) Residential address – …,,,
openpii-21109207,4,EMAIL,thagarfias@hotmail.com,"…) Title – Miss; 3) Contact – phone +5.40 755.3155 and email «thagarfias@hotmail.com»; 4) Residential address – 3534 Sauk Trail, Concordia 95360;…",,,
openpii-21109207,5,BUILDINGNUM,3534,"… and email thagarfias@hotmail.com; 4) Residential address – «3534» Sauk Trail, Concordia 95360; 5) Legal identifiers – 2640157…",,,
openpii-21109207,6,STREET,Sauk Trail,"…email thagarfias@hotmail.com; 4) Residential address – 3534 «Sauk Trail», Concordia 95360; 5) Legal identifiers – 26401572 and 731-6…",,,
openpii-21109207,7,CITY,Concordia,"…fias@hotmail.com; 4) Residential address – 3534 Sauk Trail, «Concordia» 95360; 5) Legal identifiers – 26401572 and 731-62-3759.…",,,
openpii-21109207,8,ZIPCODE,95360,"…il.com; 4) Residential address – 3534 Sauk Trail, Concordia «95360»; 5) Legal identifiers – 26401572 and 731-62-3759.…",,,
openpii-21109207,9,DRIVERLICENSENUM,26401572,"… – 3534 Sauk Trail, Concordia 95360; 5) Legal identifiers – «26401572» and 731-62-3759.…",,,
openpii-21109207,10,SOCIALNUM,731-62-3759,"…Trail, Concordia 95360; 5) Legal identifiers – 26401572 and «731-62-3759».…",,,
openpii-20985169,0,TITLE,Miss,"…Dear «Miss» Melker Mazzanares,  I hope this message finds you well. As …",,,
openpii-20985169,1,GIVENNAME,Melker,"…Dear Miss «Melker» Mazzanares,  I hope this message finds you well. As part of…",,,
openpii-20985169,2,SURNAME,Mazzanares,"…Dear Miss Melker «Mazzanares»,  I hope this message finds you well. As part of our regula…",,,
openpii-20985169,3,DATE,"April 11th, 1963","… plans, we would like to schedule a comprehensive review on «April 11th, 1963» at our office located at 1736 Broaden Lane, Gillingham Rain…",,,
openpii-20985169,4,BUILDINGNUM,1736,"…hensive review on April 11th, 1963 at our office located at «1736» Broaden Lane, Gillingham Rainham Rural Rainham, PE28 5QR, P…",,,
openpii-20985169,5,STREET,Broaden Lane,"…ve review on April 11th, 1963 at our office located at 1736 «Broaden Lane», Gillingham Rainham Rural Rainham, PE28 5QR, PE28 5QS. Plea…",,,
openpii-20985169,6,CITY,Gillingham Rainham Rural Rainham,"…pril 11th, 1963 at our office located at 1736 Broaden Lane, «Gillingham Rainham Rural Rainham», PE28 5QR, PE28 5QS. Please confirm your availability by re…",,,
openpii-20985169,7,ZIPCODE,"PE28 5QR, PE28 5QS","…ted at 1736 Broaden Lane, Gillingham Rainham Rural Rainham, «PE28 5QR, PE28 5QS». Please confirm your availability by replying to this email…",,,
openpii-20985169,8,EMAIL,KE@tutanota.com,…ease confirm your availability by replying to this email at «KE@tutanota.com» or calling (37).3258.1940 no later than 12th January 2021. …,,,
openpii-20985169,9,TELEPHONENUM,(37).3258.1940,"…ity by replying to this email at KE@tutanota.com or calling «(37).3258.1940» no later than 12th January 2021. For compliance purposes, k…",,,
openpii-20985169,10,DATE,12th January 2021,"… at KE@tutanota.com or calling (37).3258.1940 no later than «12th January 2021». For compliance purposes, kindly provide a copy of your YS2…",,,
openpii-20985169,11,IDCARDNUM,YS21223MC,"…021. For compliance purposes, kindly provide a copy of your «YS21223MC» and, if applicable, your ADRIA.651117.A9.813 before the mee…",,,
openpii-20985169,12,DRIVERLICENSENUM,ADRIA.651117.A9.813,"…y provide a copy of your YS21223MC and, if applicable, your «ADRIA.651117.A9.813» before the meeting. We will also discuss the implications o…",,,
openpii-20985169,13,TAXNUM,04856-46193,…f recent changes to inheritance tax regulations (reference: «04856-46193») and ensure that your succession strategy aligns with your …,,,
openpii-20985169,14,AGE,49,…sure that your succession strategy aligns with your current «49»-year-old profile. Your privacy is paramount; all personal d…,,,
openpii-20985169,15,GIVENNAME,Dule,"…tored securely according to GDPR guidelines.  Kind regards, «Dule» Debuyser Ballay…",,,
openpii-20985169,16,SURNAME,Debuyser Ballay,"… securely according to GDPR guidelines.  Kind regards, Dule «Debuyser Ballay»…",,,
openpii-20990943,0,TITLE,Director,"…The equity restructuring, outlined by «Director» Miriella Liebergsell in a memorandum dated 1991-06-17T00:00…",,,
openpii-20990943,1,GIVENNAME,Miriella,"…The equity restructuring, outlined by Director «Miriella» Liebergsell in a memorandum dated 1991-06-17T00:00:00, will…",,,
openpii-20990943,2,SURNAME,Liebergsell,"…The equity restructuring, outlined by Director Miriella «Liebergsell» in a memorandum dated 1991-06-17T00:00:00, will convert 60 …",,,
openpii-20990943,3,DATE,1991-06-17T00:00:00,"…ined by Director Miriella Liebergsell in a memorandum dated «1991-06-17T00:00:00», will convert 60 million of preferred shares into common eq…",,,
openpii-20990943,4,AGE,60,"…ell in a memorandum dated 1991-06-17T00:00:00, will convert «60» million of preferred shares into common equity, thereby imp…",,,
openpii-20990943,5,TITLE,Mayoress,"… sheet’s liquidity; for further information, please contact «Mayoress» Doroteo Jebril Haenggi at 1949A@hotmail.com or +910-64 228-…",,,
openpii-20990943,6,GIVENNAME,Doroteo Jebril,"…liquidity; for further information, please contact Mayoress «Doroteo Jebril» Haenggi at 1949A@hotmail.com or +910-64 228-4718 – office l…",,,
openpii-20990943,7,SURNAME,Haenggi,"…further information, please contact Mayoress Doroteo Jebril «Haenggi» at 1949A@hotmail.com or +910-64 228-4718 – office located a…",,,
openpii-20990943,8,EMAIL,1949A@hotmail.com,"…ormation, please contact Mayoress Doroteo Jebril Haenggi at «1949A@hotmail.com» or +910-64 228-4718 – office located at 24 Thenford Road, B…",,,
openpii-20990943,9,TELEPHONENUM,+910-64 228-4718,"…act Mayoress Doroteo Jebril Haenggi at 1949A@hotmail.com or «+910-64 228-4718» – office located at 24 Thenford Road, Banbury Deddington DE…",,,
openpii-20990943,10,BUILDINGNUM,24,"…t 1949A@hotmail.com or +910-64 228-4718 – office located at «24» Thenford Road, Banbury Deddington DE22.…",,,
openpii-20990943,11,STREET,Thenford Road,"…949A@hotmail.com or +910-64 228-4718 – office located at 24 «Thenford Road», Banbury Deddington DE22.…",,,
openpii-20990943,12,CITY,Banbury Deddington,"…m or +910-64 228-4718 – office located at 24 Thenford Road, «Banbury Deddington» DE22.…",,,
openpii-20990943,13,ZIPCODE,DE22,"…18 – office located at 24 Thenford Road, Banbury Deddington «DE22».…",,,
openpii-20948464,0,DATE,September/86,"…On «September/86», the Multicultural Hackdays will kick off in Brampton with …",,,
openpii-20948464,1,CITY,Brampton,"…n September/86, the Multicultural Hackdays will kick off in «Brampton» with teams led by Master Wayne Aleh Gnutzmann (age 51, Two-…",,,
openpii-20948464,2,TITLE,Master,"…ltural Hackdays will kick off in Brampton with teams led by «Master» Wayne Aleh Gnutzmann (age 51, Two-spirit) who can be reache…",,,
openpii-20948464,3,GIVENNAME,Wayne Aleh,"…Hackdays will kick off in Brampton with teams led by Master «Wayne Aleh» Gnutzmann (age 51, Two-spirit) who can be reached at SK1981…",,,
openpii-20948464,4,SURNAME,Gnutzmann,"…ll kick off in Brampton with teams led by Master Wayne Aleh «Gnutzmann» (age 51, Two-spirit) who can be reached at SK1981@outlook.c…",,,
openpii-20948464,5,AGE,51,"…Brampton with teams led by Master Wayne Aleh Gnutzmann (age «51», Two-spirit) who can be reached at SK1981@outlook.com or +2…",,,
openpii-20948464,6,GENDER,Two-spirit,"…pton with teams led by Master Wayne Aleh Gnutzmann (age 51, «Two-spirit») who can be reached at SK1981@outlook.com or +279-407.917-0…",,,
openpii-20948464,7,EMAIL,SK1981@outlook.com,"…e Aleh Gnutzmann (age 51, Two-spirit) who can be reached at «SK1981@outlook.com» or +279-407.917-0831.…",,,
openpii-20948464,8,TELEPHONENUM,+279-407.917-0831,"…51, Two-spirit) who can be reached at SK1981@outlook.com or «+279-407.917-0831».…",,,
openpii-21079322,0,TITLE,Mrs,"…Dear «Mrs» Mustafije Meré,\n\nWe are pleased to inform you that your a…",,,
openpii-21079322,1,GIVENNAME,Mustafije,"…Dear Mrs «Mustafije» Meré,\n\nWe are pleased to inform you that your application…",,,
openpii-21079322,2,SURNAME,Meré,"…Dear Mrs Mustafije «Meré»,\n\nWe are pleased to inform you that your application for …",,,
openpii-21079322,3,DATE,"January 13th, 1992","…lication for a City Public Library membership, submitted on «January 13th, 1992», has been approved. To activate your account you will need …",,,
openpii-21079322,4,IDCARDNUM,53541797204,"…. To activate your account you will need to present a valid «53541797204» along with a proof of residence at Burton Road 1358, Elk Ri…",,,
openpii-21079322,5,STREET,Burton Road,"…sent a valid 53541797204 along with a proof of residence at «Burton Road» 1358, Elk River 15666. Your library card number will be mai…",,,
openpii-21079322,6,BUILDINGNUM,1358,"… 53541797204 along with a proof of residence at Burton Road «1358», Elk River 15666. Your library card number will be mailed t…",,,
openpii-21079322,7,CITY,Elk River,"…797204 along with a proof of residence at Burton Road 1358, «Elk River» 15666. Your library card number will be mailed to the above…",,,
openpii-21079322,8,ZIPCODE,15666,"…ng with a proof of residence at Burton Road 1358, Elk River «15666». Your library card number will be mailed to the above addre…",,,
openpii-21079322,9,DATE,"December 3rd, 1984","…he above address and you can start borrowing materials from «December 3rd, 1984». Should you have any questions, feel free to contact us at …",,,
openpii-21079322,10,EMAIL,C@tutanota.com,"…. Should you have any questions, feel free to contact us at «C@tutanota.com» or call 00510-917474 between 9 am and 5 pm, Monday through …",,,
openpii-21079322,11,TELEPHONENUM,00510-917474,"…uestions, feel free to contact us at C@tutanota.com or call «00510-917474» between 9 am and 5 pm, Monday through Friday. Thank you for…",,,
openpii-20976178,0,GIVENNAME,Ashutosh Juliàn,…Ticket Name: «Ashutosh Juliàn» Dokmanovic Date of Birth: 1963-07-29T00:00:00 Entry Date: 2…,,,
openpii-20976178,1,SURNAME,Dokmanovic,…Ticket Name: Ashutosh Juliàn «Dokmanovic» Date of Birth: 1963-07-29T00:00:00 Entry Date: 2003-11-30T0…,,,
openpii-20976178,2,DATE,1963-07-29T00:00:00,…Ticket Name: Ashutosh Juliàn Dokmanovic Date of Birth: «1963-07-29T00:00:00» Entry Date: 2003-11-30T00:00:00 Venue: Vintage Collections …,,,
openpii-20976178,3,DATE,2003-11-30T00:00:00,"…n Dokmanovic Date of Birth: 1963-07-29T00:00:00 Entry Date: «2003-11-30T00:00:00» Venue: Vintage Collections Hall, Whitby…",,,
openpii-20976178,4,CITY,Whitby,"… Date: 2003-11-30T00:00:00 Venue: Vintage Collections Hall, «Whitby»…",,,
openpii-20969717,0,TITLE,Mrs,"…Dear «Mrs» Elil Nurgul Büyükkarakas,  Thank you for reaching out to ou…",,,
openpii-20969717,1,GIVENNAME,Elil Nurgul,"…Dear Mrs «Elil Nurgul» Büyükkarakas,  Thank you for reaching out to our Travel Pro…",,,
openpii-20969717,2,SURNAME,Büyükkarakas,"…Dear Mrs Elil Nurgul «Büyükkarakas»,  Thank you for reaching out to our Travel Protection Team.…",,,
openpii-20969717,3,EMAIL,B@hotmail.com,"…tection Team. Based on the details we have on file – email: «B@hotmail.com», phone: +4499 441 4382 – we have drafted a customised polic…",,,
openpii-20969717,4,TELEPHONENUM,+4499 441 4382,"… the details we have on file – email: B@hotmail.com, phone: «+4499 441 4382» – we have drafted a customised policy that covers trips fro…",,,
openpii-20969717,5,CITY,Manchester,"… customised policy that covers trips from your home city of «Manchester» (postcode M25 0AA, M25 9NT, M25 9NX) for the period of 02/1…",,,
openpii-20969717,6,ZIPCODE,"M25 0AA, M25 9NT, M25 9NX","…at covers trips from your home city of Manchester (postcode «M25 0AA, M25 9NT, M25 9NX») for the period of 02/10/1948 to 23/07/1993. The plan inclu…",,,
openpii-20969717,7,DATE,02/10/1948,"…ster (postcode M25 0AA, M25 9NT, M25 9NX) for the period of «02/10/1948» to 23/07/1993. The plan includes medical expense coverage u…",,,
openpii-20969717,8,DATE,23/07/1993,"… M25 0AA, M25 9NT, M25 9NX) for the period of 02/10/1948 to «23/07/1993». The plan includes medical expense coverage up to £50822857…",,,
openpii-20969717,9,CREDITCARDNUMBER,5082285752856427,"…/07/1993. The plan includes medical expense coverage up to £«5082285752856427» and repatriation assistance, with an optional add‑on for ad…",,,
openpii-20969717,10,DATE,29/03/1993,"…ure sports. To finalise, please confirm your date of birth («29/03/1993»), age (12) and provide your social security number (305.337…",,,
openpii-20969717,11,AGE,12,"…alise, please confirm your date of birth (29/03/1993), age («12») and provide your social security number (305.337.9270) so …",,,
openpii-20969717,12,SOCIALNUM,305.337.9270,"…03/1993), age (12) and provide your social security number («305.337.9270») so we can complete the underwriting process.…",,,
openpii-20955746,0,DATE,1971-11-06T00:00:00,…Minutes of Leadership Transition Meeting – «1971-11-06T00:00:00»  Attendees: - Master Gionatan Ramadori (Outgoing CEO) - Mrs…,,,
openpii-20955746,1,TITLE,Master,…ship Transition Meeting – 1971-11-06T00:00:00  Attendees: - «Master» Gionatan Ramadori (Outgoing CEO) - Mrs Elies Herzing Fasol …,,,
openpii-20955746,2,GIVENNAME,Gionatan,…ansition Meeting – 1971-11-06T00:00:00  Attendees: - Master «Gionatan» Ramadori (Outgoing CEO) - Mrs Elies Herzing Fasol (Incoming…,,,
openpii-20955746,3,SURNAME,Ramadori,…Meeting – 1971-11-06T00:00:00  Attendees: - Master Gionatan «Ramadori» (Outgoing CEO) - Mrs Elies Herzing Fasol (Incoming COO) - H…,,,
openpii-20955746,4,TITLE,Mrs,…:00  Attendees: - Master Gionatan Ramadori (Outgoing CEO) - «Mrs» Elies Herzing Fasol (Incoming COO) - HR Director: Mstr Mira…,,,
openpii-20955746,5,GIVENNAME,Elies,… Attendees: - Master Gionatan Ramadori (Outgoing CEO) - Mrs «Elies» Herzing Fasol (Incoming COO) - HR Director: Mstr Miracle Pa…,,,
openpii-20955746,6,SURNAME,Herzing Fasol,…dees: - Master Gionatan Ramadori (Outgoing CEO) - Mrs Elies «Herzing Fasol» (Incoming COO) - HR Director: Mstr Miracle Panakkal  Key Di…,,,
openpii-20955746,7,TITLE,Mstr,…EO) - Mrs Elies Herzing Fasol (Incoming COO) - HR Director: «Mstr» Miracle Panakkal  Key Discussion Points: 1. Review of the t…,,,
openpii-20955746,8,GIVENNAME,Miracle,… Mrs Elies Herzing Fasol (Incoming COO) - HR Director: Mstr «Miracle» Panakkal  Key Discussion Points: 1. Review of the transitio…,,,
openpii-20955746,9,SURNAME,Panakkal,…es Herzing Fasol (Incoming COO) - HR Director: Mstr Miracle «Panakkal»  Key Discussion Points: 1. Review of the transition timelin…,,,
openpii-20955746,10,DATE,July/99,"…l milestones, with the first handover session scheduled for «July/99». 2. Communication strategy – a company‑wide announcement wi…",,,
openpii-20955746,11,EMAIL,AD@hotmail.com,…de announcement will be sent from the outgoing CEO’s email («AD@hotmail.com») and reinforced through the internal portal. 3. Logistical …,,,
openpii-20955746,12,BUILDINGNUM,301,"…the ceremony will take place at the headquarters located at «301» The Coombe, Southampton NP25. 4. Support resources – a dedi…",,,
openpii-20955746,13,STREET,The Coombe,"…ceremony will take place at the headquarters located at 301 «The Coombe», Southampton NP25. 4. Support resources – a dedicated helpl…",,,
openpii-20955746,14,CITY,Southampton,"…l take place at the headquarters located at 301 The Coombe, «Southampton» NP25. 4. Support resources – a dedicated helpline (+21 68.9…",,,
openpii-20955746,15,ZIPCODE,NP25,"… at the headquarters located at 301 The Coombe, Southampton «NP25». 4. Support resources – a dedicated helpline (+21 68.950 91…",,,
openpii-20955746,16,TELEPHONENUM,+21 68.950 9154,…thampton NP25. 4. Support resources – a dedicated helpline («+21 68.950 9154») will be available for staff queries during the first two w…,,,
openpii-20955746,17,GIVENNAME,Lavine,… staff queries during the first two weeks.  Action Items: - «Lavine» to draft the official transition press release by 1946-07-0…,,,
openpii-20955746,18,DATE,1946-07-07T00:00:00,… - Lavine to draft the official transition press release by «1946-07-07T00:00:00». - Suzanne to coordinate with IT for account migrations. - …,,,
openpii-20955746,19,GIVENNAME,Suzanne,…official transition press release by 1946-07-07T00:00:00. - «Suzanne» to coordinate with IT for account migrations. - HR to final…,,,
openpii-20985545,0,TITLE,Mrs,"…According to «Mrs» Jonna, integrating loklaci@hotmail.com response metrics wit…",,,
openpii-20985545,1,GIVENNAME,Jonna,"…According to Mrs «Jonna», integrating loklaci@hotmail.com response metrics with 2nd …",,,
openpii-20985545,2,EMAIL,loklaci@hotmail.com,"…According to Mrs Jonna, integrating «loklaci@hotmail.com» response metrics with 2nd December 2019 campaign timelines …",,,
openpii-20985545,3,DATE,2nd December 2019,"…onna, integrating loklaci@hotmail.com response metrics with «2nd December 2019» campaign timelines improves cultural relevance.…",,,
openpii-20926166,0,TITLE,Mstr,…«Mstr» Turki Jucker Ricchiuti of the Finance Department informs yo…,,,
openpii-20926166,1,GIVENNAME,Turki,…Mstr «Turki» Jucker Ricchiuti of the Finance Department informs you that…,,,
openpii-20926166,2,SURNAME,Jucker Ricchiuti,"…Mstr Turki «Jucker Ricchiuti» of the Finance Department informs you that, effective 1990-…",,,
openpii-20926166,3,DATE,1990-05-27T00:00:00,"…hiuti of the Finance Department informs you that, effective «1990-05-27T00:00:00», new pre‑authorization limits will apply to all transaction…",,,
openpii-20926166,4,CREDITCARDNUMBER,6205304567726486,…re‑authorization limits will apply to all transactions over «6205304567726486».…,,,
openpii-20940659,0,AGE,86,…bility for the final design review meeting; reply with your «86» and preferred pronouns (Female) to ensure proper seating ar…,,,
openpii-20940659,1,GENDER,Female,… review meeting; reply with your 86 and preferred pronouns («Female») to ensure proper seating arrangements.…,,,
openpii-21072164,0,GIVENNAME,Harzije Milenka,…The participation agreement requires that «Harzije Milenka» Lovsin provide a copy of their 66384553252 and proof of ins…,,,
openpii-21072164,1,SURNAME,Lovsin,…The participation agreement requires that Harzije Milenka «Lovsin» provide a copy of their 66384553252 and proof of insurance …,,,
openpii-21072164,2,IDCARDNUM,66384553252,"…equires that Harzije Milenka Lovsin provide a copy of their «66384553252» and proof of insurance before the event on March 13th, 1954…",,,
openpii-21072164,3,DATE,"March 13th, 1954","…heir 66384553252 and proof of insurance before the event on «March 13th, 1954» at Edwards Air Force Station 1817, 95461 Washington.…",,,
openpii-21072164,4,STREET,Edwards Air Force Station,"… proof of insurance before the event on March 13th, 1954 at «Edwards Air Force Station» 1817, 95461 Washington.…",,,
openpii-21072164,5,BUILDINGNUM,1817,"… the event on March 13th, 1954 at Edwards Air Force Station «1817», 95461 Washington.…",,,
openpii-21072164,6,ZIPCODE,95461,"…vent on March 13th, 1954 at Edwards Air Force Station 1817, «95461» Washington.…",,,
openpii-21072164,7,CITY,Washington,"…n March 13th, 1954 at Edwards Air Force Station 1817, 95461 «Washington».…",,,
openpii-21082450,0,GIVENNAME,Intizar,"…Hi Team,  The cash‑flow alignment report prepared by «Intizar» de Prado Kadji (Contact: 0000-50.353.0092) highlights how t…",,,
openpii-21082450,1,SURNAME,de Prado Kadji,"…i Team,  The cash‑flow alignment report prepared by Intizar «de Prado Kadji» (Contact: 0000-50.353.0092) highlights how the upcoming inv…",,,
openpii-21082450,2,TELEPHONENUM,0000-50.353.0092,…ignment report prepared by Intizar de Prado Kadji (Contact: «0000-50.353.0092») highlights how the upcoming investment in the North Briar …,,,
openpii-21082450,3,STREET,North Briar Mountain Road,"…-50.353.0092) highlights how the upcoming investment in the «North Briar Mountain Road» campus (Building 2312, ZIP 44460) will enhance working capi…",,,
openpii-21082450,4,BUILDINGNUM,2312,"…nvestment in the North Briar Mountain Road campus (Building «2312», ZIP 44460) will enhance working capital efficiency while s…",,,
openpii-21082450,5,ZIPCODE,44460,"…in the North Briar Mountain Road campus (Building 2312, ZIP «44460») will enhance working capital efficiency while supporting t…",,,
openpii-21082450,6,CITY,Powell,"…ng the strategic objective of expanding market share in the «Powell» region.  Please review the attached spreadsheet, which also…",,,
openpii-21082450,7,AGE,1,"…ich also includes a scenario analysis based on your current «1» and Transgender demographics data, and forward any feedback…",,,
openpii-21082450,8,GENDER,Transgender,"…so includes a scenario analysis based on your current 1 and «Transgender» demographics data, and forward any feedback or additional d…",,,
openpii-21082450,9,DRIVERLICENSENUM,898621383,"… forward any feedback or additional data, such as a revised «898621383» or 352-57-7924, to the finance office by the end of the wee…",,,
openpii-21082450,10,SOCIALNUM,352-57-7924,"…feedback or additional data, such as a revised 898621383 or «352-57-7924», to the finance office by the end of the week.…",,,
openpii-21081972,0,EMAIL,H2005@hotmail.com,…Please confirm your contact details—email «H2005@hotmail.com» and phone +25 12-483-1021—so we can notify you when the fun…,,,
openpii-21081972,1,TELEPHONENUM,+25 12-483-1021,…firm your contact details—email H2005@hotmail.com and phone «+25 12-483-1021»—so we can notify you when the funds are transferred to your…,,,
openpii-21081972,2,STREET,Finney Road,"…otify you when the funds are transferred to your account at «Finney Road» 6408, Nottingham 33706-2540.…",,,
openpii-21081972,3,BUILDINGNUM,6408,"…en the funds are transferred to your account at Finney Road «6408», Nottingham 33706-2540.…",,,
openpii-21081972,4,CITY,Nottingham,"… funds are transferred to your account at Finney Road 6408, «Nottingham» 33706-2540.…",,,
openpii-21081972,5,ZIPCODE,33706-2540,"…transferred to your account at Finney Road 6408, Nottingham «33706-2540».…",,,
openpii-21066019,0,GIVENNAME,Vaxhide Gjylsha,"…«Vaxhide Gjylsha»: 'Hey, did you see the new e‑bike subsidy? It covers up to …",,,
openpii-21066019,1,CREDITCARDNUMBER,6225532703516059,"…: 'Hey, did you see the new e‑bike subsidy? It covers up to «6225532703516059» per month under budget code 86528-78306.'…",,,
openpii-21066019,2,TAXNUM,86528-78306,…t covers up to 6225532703516059 per month under budget code «86528-78306».'…,,,
openpii-21105137,0,SEX,F,"…For compliance, we also need to record your «F» / Non-binary details, date of birth June/52, and national I…",,,
openpii-21105137,1,GENDER,Non-binary,"…For compliance, we also need to record your F / «Non-binary» details, date of birth June/52, and national ID 11017558467…",,,
openpii-21105137,2,DATE,June/52,"…o need to record your F / Non-binary details, date of birth «June/52», and national ID 11017558467; these items influence eligibi…",,,
openpii-21105137,3,IDCARDNUM,11017558467,"… Non-binary details, date of birth June/52, and national ID «11017558467»; these items influence eligibility for wellness programs an…",,,
openpii-20963218,0,GIVENNAME,Arhan,"…ase ensure that the data of our pilot participants, such as «Arhan» Gätzner (DOB: 14th August 2024, age 34, gender Bigender), a…",,,
openpii-20963218,1,SURNAME,Gätzner,"…sure that the data of our pilot participants, such as Arhan «Gätzner» (DOB: 14th August 2024, age 34, gender Bigender), are store…",,,
openpii-20963218,2,DATE,14th August 2024,"…data of our pilot participants, such as Arhan Gätzner (DOB: «14th August 2024», age 34, gender Bigender), are stored in compliance with th…",,,
openpii-20963218,3,AGE,34,"…icipants, such as Arhan Gätzner (DOB: 14th August 2024, age «34», gender Bigender), are stored in compliance with the releva…",,,
openpii-20963218,4,GENDER,Bigender,"…uch as Arhan Gätzner (DOB: 14th August 2024, age 34, gender «Bigender»), are stored in compliance with the relevant 79179-52707 an…",,,
openpii-20963218,5,TAXNUM,79179-52707,"…ender Bigender), are stored in compliance with the relevant «79179-52707» and 424.793.5064 regulations, and that their identification…",,,
openpii-20963218,6,SOCIALNUM,424.793.5064,"… are stored in compliance with the relevant 79179-52707 and «424.793.5064» regulations, and that their identification numbers (GU94443…",,,
openpii-20963218,7,IDCARDNUM,GU94443JV,"…93.5064 regulations, and that their identification numbers («GU94443JV» and STOYK 270032 SM 656) are encrypted;…",,,
openpii-20963218,8,DRIVERLICENSENUM,STOYK 270032 SM 656,"…tions, and that their identification numbers (GU94443JV and «STOYK 270032 SM 656») are encrypted;…",,,
openpii-20933423,0,DRIVERLICENSENUM,QTTWJYSW2P,"…y provide a copy of your government‑issued ID, such as your «QTTWJYSW2P» or CL7621866, and verify your current address at 24th Conce…",,,
openpii-20933423,1,PASSPORTNUM,CL7621866,"…py of your government‑issued ID, such as your QTTWJYSW2P or «CL7621866», and verify your current address at 24th Concession # 77, N…",,,
openpii-20933423,2,STREET,24th Concession,"…QTTWJYSW2P or CL7621866, and verify your current address at «24th Concession» # 77, Nanticoke, K0M 2T0.…",,,
openpii-20933423,3,BUILDINGNUM,77,"…21866, and verify your current address at 24th Concession # «77», Nanticoke, K0M 2T0.…",,,
openpii-20933423,4,CITY,Nanticoke,"…6, and verify your current address at 24th Concession # 77, «Nanticoke», K0M 2T0.…",,,
openpii-20933423,5,ZIPCODE,K0M 2T0,"…fy your current address at 24th Concession # 77, Nanticoke, «K0M 2T0».…",,,
openpii-21082135,0,GIVENNAME,Ilayla,"…«Ilayla», as the new Mrs of our upcoming fitness brand ""Brikho Fitne…",,,
openpii-21082135,1,TITLE,Mrs,"…Ilayla, as the new «Mrs» of our upcoming fitness brand ""Brikho Fitness"", we need you…",,,
openpii-21082135,2,SURNAME,Brikho,"…Ilayla, as the new Mrs of our upcoming fitness brand ""«Brikho» Fitness"", we need your input on the logo colors and tagline…",,,
openpii-21082135,3,EMAIL,C08@gmail.com,…ogo colors and tagline. Please send your design concepts to «C08@gmail.com» by January/84 and include your contact number +1582309-2703…,,,
openpii-21082135,4,DATE,January/84,…gline. Please send your design concepts to C08@gmail.com by «January/84» and include your contact number +1582309-2703 so we can sch…,,,
openpii-21082135,5,TELEPHONENUM,+1582309-2703,…C08@gmail.com by January/84 and include your contact number «+1582309-2703» so we can schedule a review at our studio on County Road 27…,,,
openpii-21082135,6,STREET,County Road 2730,"… +1582309-2703 so we can schedule a review at our studio on «County Road 2730» 5327, Monticello 72394; additionally, ensure the branding r…",,,
openpii-21082135,7,BUILDINGNUM,5327,"… we can schedule a review at our studio on County Road 2730 «5327», Monticello 72394; additionally, ensure the branding reflec…",,,
openpii-21082135,8,CITY,Monticello,"…n schedule a review at our studio on County Road 2730 5327, «Monticello» 72394; additionally, ensure the branding reflects a vibrant…",,,
openpii-21082135,9,ZIPCODE,72394,"…a review at our studio on County Road 2730 5327, Monticello «72394»; additionally, ensure the branding reflects a vibrant, incl…",,,
openpii-21082135,10,AGE,52,"…ing reflects a vibrant, inclusive vibe that appeals to both «52»‑year‑olds and seasoned athletes, respecting all Two-spirit …",,,
openpii-21082135,11,GENDER,Two-spirit,"… to both 52‑year‑olds and seasoned athletes, respecting all «Two-spirit» identities.…",,,
openpii-21084682,0,DATE,"October 15th, 1958","…Please complete the enrollment form by «October 15th, 1958» and include your tax identification number 58960-97525 toge…",,,
openpii-21084682,1,TAXNUM,58960-97525,"…tober 15th, 1958 and include your tax identification number «58960-97525» together with your social security number 283-15-7593 to fi…",,,
openpii-21084682,2,SOCIALNUM,283-15-7593,…umber 58960-97525 together with your social security number «283-15-7593» to finalize the mentorship agreement.…,,,
openpii-21087184,0,TITLE,Miss,"…According to the strategy memo from «Miss» Itta Vatri (born on February 18th, 1950), the team should a…",,,
openpii-21087184,1,GIVENNAME,Itta,"…According to the strategy memo from Miss «Itta» Vatri (born on February 18th, 1950), the team should alloca…",,,
openpii-21087184,2,SURNAME,Vatri,"…According to the strategy memo from Miss Itta «Vatri» (born on February 18th, 1950), the team should allocate res…",,,
openpii-21087184,3,DATE,"February 18th, 1950","…ccording to the strategy memo from Miss Itta Vatri (born on «February 18th, 1950»), the team should allocate resources based on each player's…",,,
openpii-21087184,4,AGE,0,"…, the team should allocate resources based on each player's «0» and Male to maximise synergy.…",,,
openpii-21087184,5,GENDER,Male,…team should allocate resources based on each player's 0 and «Male» to maximise synergy.…,,,
openpii-20952632,0,TAXNUM,0548646036,… card also records the traveler’s tax identification number «0548646036» to satisfy customs health declarations.…,,,
openpii-20918552,0,GIVENNAME,Erzon,"…Customer review by «Erzon» (Age: 70, Gender: Non-binary) posted on 1987-03-19T00:00:00…",,,
openpii-20918552,1,AGE,70,"…Customer review by Erzon (Age: «70», Gender: Non-binary) posted on 1987-03-19T00:00:00: I recen…",,,
openpii-20918552,2,GENDER,Non-binary,"…Customer review by Erzon (Age: 70, Gender: «Non-binary») posted on 1987-03-19T00:00:00: I recently purchased the Es…",,,
openpii-20918552,3,DATE,1987-03-19T00:00:00,"…mer review by Erzon (Age: 70, Gender: Non-binary) posted on «1987-03-19T00:00:00»: I recently purchased the Essential RV Kitchen Set from the…",,,
openpii-20999939,0,TAXNUM,63195.38483,"…Please confirm the billing details, including «63195.38483» and 2204572791609287, to process the supplement subsidy for…",,,
openpii-20999939,1,CREDITCARDNUMBER,2204572791609287,"…ease confirm the billing details, including 63195.38483 and «2204572791609287», to process the supplement subsidy for patients aged 16.…",,,
openpii-20999939,2,AGE,16,"…609287, to process the supplement subsidy for patients aged «16».…",,,
openpii-20949888,0,TITLE,Mr,"…essary materials, please complete the following form: Name: «Mr» Kamalesh Stainhauser; Date of Birth: 2010-07-07T00:00:00; I…",,,
openpii-20949888,1,GIVENNAME,Kamalesh,"…ary materials, please complete the following form: Name: Mr «Kamalesh» Stainhauser; Date of Birth: 2010-07-07T00:00:00; ID Card #:…",,,
openpii-20949888,2,SURNAME,Stainhauser,"…ials, please complete the following form: Name: Mr Kamalesh «Stainhauser»; Date of Birth: 2010-07-07T00:00:00; ID Card #: WY3YSE4P1P;…",,,
openpii-20949888,3,DATE,2010-07-07T00:00:00,…llowing form: Name: Mr Kamalesh Stainhauser; Date of Birth: «2010-07-07T00:00:00»; ID Card #: WY3YSE4P1P; Driver's License #: 23XKCAO1KK; Pre…,,,
openpii-20949888,4,IDCARDNUM,WY3YSE4P1P,…Stainhauser; Date of Birth: 2010-07-07T00:00:00; ID Card #: «WY3YSE4P1P»; Driver's License #: 23XKCAO1KK; Preferred material colors …,,,
openpii-20949888,5,DRIVERLICENSENUM,23XKCAO1KK,"…-07-07T00:00:00; ID Card #: WY3YSE4P1P; Driver's License #: «23XKCAO1KK»; Preferred material colors (e.g., red for Mars): __________…",,,
openpii-20949888,6,EMAIL,A@outlook.com,"…_____________. Submit the form to the science department at «A@outlook.com» or drop it off at the office, 2nd floor, Room 1813.…",,,
openpii-20949888,7,BUILDINGNUM,1813,"…A@outlook.com or drop it off at the office, 2nd floor, Room «1813».…",,,
openpii-20972211,0,TITLE,Mayoress,"…Subject: Ecliptic Plane Mapping Guide – Introduction  Dear «Mayoress» Marcie Murgatroyd,  Welcome to the first section of our com…",,,
openpii-20972211,1,GIVENNAME,Marcie,"… Ecliptic Plane Mapping Guide – Introduction  Dear Mayoress «Marcie» Murgatroyd,  Welcome to the first section of our comprehens…",,,
openpii-20972211,2,SURNAME,Murgatroyd,"…ic Plane Mapping Guide – Introduction  Dear Mayoress Marcie «Murgatroyd»,  Welcome to the first section of our comprehensive Eclipti…",,,
openpii-20972211,3,EMAIL,M2001@yahoo.com,… sky charts. Please ensure you have access to your personal «M2001@yahoo.com» for receipt of supplementary data files and the latest soft…,,,
openpii-20972211,4,DATE,July/55,"…d the latest software updates, which will be distributed on «July/55». Should you need to verify your professional credentials, a…",,,
openpii-20972211,5,DRIVERLICENSENUM,YIAN9421195Y9472,"…verify your professional credentials, attach a copy of your «YIAN9421195Y9472» or 591392658 when you reply. We look forward to supporting …",,,
openpii-20972211,6,PASSPORTNUM,591392658,"…onal credentials, attach a copy of your YIAN9421195Y9472 or «591392658» when you reply. We look forward to supporting you, Arohi, a…",,,
openpii-20972211,7,GIVENNAME,Arohi,"…91392658 when you reply. We look forward to supporting you, «Arohi», as you embark on this interstellar cartography adventure.…",,,
openpii-20941594,0,TITLE,Mister,"…The upcoming webinar, hosted by «Mister» Bouthaina Nakita Pedio (ID: BPJT13RDN2), will discuss the i…",,,
openpii-20941594,1,GIVENNAME,Bouthaina Nakita,"…The upcoming webinar, hosted by Mister «Bouthaina Nakita» Pedio (ID: BPJT13RDN2), will discuss the impact of new 2809…",,,
openpii-20941594,2,SURNAME,Pedio,"…The upcoming webinar, hosted by Mister Bouthaina Nakita «Pedio» (ID: BPJT13RDN2), will discuss the impact of new 28099.6254…",,,
openpii-20941594,3,IDCARDNUM,BPJT13RDN2,"…oming webinar, hosted by Mister Bouthaina Nakita Pedio (ID: «BPJT13RDN2»), will discuss the impact of new 28099.62544 regulations on…",,,
openpii-20941594,4,TAXNUM,28099.62544,"…kita Pedio (ID: BPJT13RDN2), will discuss the impact of new «28099.62544» regulations on cross‑border licensing, reachable via phone …",,,
openpii-20941594,5,TELEPHONENUM,+843.42 364.5225,"… regulations on cross‑border licensing, reachable via phone «+843.42 364.5225».…",,,
openpii-21070049,0,GIVENNAME,Athesh,"…Family Intake Form: Patient Name: «Athesh» Ramadanski; Date of Birth: November 20th, 1977; Age: 7; Sex…",,,
openpii-21070049,1,SURNAME,Ramadanski,"…Family Intake Form: Patient Name: Athesh «Ramadanski»; Date of Birth: November 20th, 1977; Age: 7; Sex: F; Primar…",,,
openpii-21070049,2,DATE,"November 20th, 1977","…ntake Form: Patient Name: Athesh Ramadanski; Date of Birth: «November 20th, 1977»; Age: 7; Sex: F; Primary Address: 1472 West 104th Avenue, A…",,,
openpii-21070049,3,AGE,7,"…Athesh Ramadanski; Date of Birth: November 20th, 1977; Age: «7»; Sex: F; Primary Address: 1472 West 104th Avenue, Albuquerq…",,,
openpii-21070049,4,SEX,F,"…amadanski; Date of Birth: November 20th, 1977; Age: 7; Sex: «F»; Primary Address: 1472 West 104th Avenue, Albuquerque Trumb…",,,
openpii-21070049,5,BUILDINGNUM,1472,"…irth: November 20th, 1977; Age: 7; Sex: F; Primary Address: «1472» West 104th Avenue, Albuquerque Trumbull Village 38127-4926;…",,,
openpii-21070049,6,STREET,West 104th Avenue,"… November 20th, 1977; Age: 7; Sex: F; Primary Address: 1472 «West 104th Avenue», Albuquerque Trumbull Village 38127-4926; Tax ID: 84321-706…",,,
openpii-21070049,7,CITY,Albuquerque Trumbull Village,"…7; Age: 7; Sex: F; Primary Address: 1472 West 104th Avenue, «Albuquerque Trumbull Village» 38127-4926; Tax ID: 84321-70609; Emergency Contact: Fadrina…",,,
openpii-21070049,8,ZIPCODE,38127-4926,"…dress: 1472 West 104th Avenue, Albuquerque Trumbull Village «38127-4926»; Tax ID: 84321-70609; Emergency Contact: Fadrina Policicchi…",,,
openpii-21070049,9,TAXNUM,84321-70609,"…th Avenue, Albuquerque Trumbull Village 38127-4926; Tax ID: «84321-70609»; Emergency Contact: Fadrina Policicchio – Phone: +74 51 943…",,,
openpii-21070049,10,GIVENNAME,Fadrina,…Village 38127-4926; Tax ID: 84321-70609; Emergency Contact: «Fadrina» Policicchio – Phone: +74 51 943.8565.…,,,
openpii-21070049,11,SURNAME,Policicchio,…38127-4926; Tax ID: 84321-70609; Emergency Contact: Fadrina «Policicchio» – Phone: +74 51 943.8565.…,,,
openpii-21070049,12,TELEPHONENUM,+74 51 943.8565,…4321-70609; Emergency Contact: Fadrina Policicchio – Phone: «+74 51 943.8565».…,,,
openpii-20984853,0,TITLE,Miss,"…Dear «Miss» Aletha Tiedra, the spring weaving workshop will take place …",,,
openpii-20984853,1,GIVENNAME,Aletha,"…Dear Miss «Aletha» Tiedra, the spring weaving workshop will take place on Sept…",,,
openpii-20984853,2,SURNAME,Tiedra,"…Dear Miss Aletha «Tiedra», the spring weaving workshop will take place on September/6…",,,
openpii-20984853,3,DATE,September/64,"…etha Tiedra, the spring weaving workshop will take place on «September/64» at the community hall on Elmwood Way 679, Sheffield Thurlst…",,,
openpii-20984853,4,STREET,Elmwood Way,"…op will take place on September/64 at the community hall on «Elmwood Way» 679, Sheffield Thurlstone; please confirm your attendance v…",,,
openpii-20984853,5,BUILDINGNUM,679,"… place on September/64 at the community hall on Elmwood Way «679», Sheffield Thurlstone; please confirm your attendance via W…",,,
openpii-20984853,6,CITY,Sheffield Thurlstone,"…e on September/64 at the community hall on Elmwood Way 679, «Sheffield Thurlstone»; please confirm your attendance via W@gmail.com by 1938-04-…",,,
openpii-20984853,7,EMAIL,W@gmail.com,"…9, Sheffield Thurlstone; please confirm your attendance via «W@gmail.com» by 1938-04-15T00:00:00.…",,,
openpii-20984853,8,DATE,1938-04-15T00:00:00,…urlstone; please confirm your attendance via W@gmail.com by «1938-04-15T00:00:00».…,,,
openpii-21064189,0,TITLE,Miss,"…l be conducted quarterly by the internal audit team, led by «Miss» Kia Falcetta, to evaluate adherence to the policies governi…",,,
openpii-21064189,1,GIVENNAME,Kia,"…conducted quarterly by the internal audit team, led by Miss «Kia» Falcetta, to evaluate adherence to the policies governing 7…",,,
openpii-21064189,2,SURNAME,Falcetta,"…ucted quarterly by the internal audit team, led by Miss Kia «Falcetta», to evaluate adherence to the policies governing 78 and Mal…",,,
openpii-21064189,3,AGE,78,"…a Falcetta, to evaluate adherence to the policies governing «78» and Male data. Auditors will review system logs for any una…",,,
openpii-21064189,4,GENDER,Male,"…tta, to evaluate adherence to the policies governing 78 and «Male» data. Auditors will review system logs for any unauthorized…",,,
openpii-21064189,5,CREDITCARDNUMBER,6759291778248,…stem logs for any unauthorized access to records containing «6759291778248» or 102-86-5003 and will generate a findings report dated 18…,,,
openpii-21064189,6,SOCIALNUM,102-86-5003,… unauthorized access to records containing 6759291778248 or «102-86-5003» and will generate a findings report dated 18th May 1967 tha…,,,
openpii-21064189,7,DATE,18th May 1967,…48 or 102-86-5003 and will generate a findings report dated «18th May 1967» that includes corrective actions and a timeline for resolut…,,,
openpii-21064189,8,EMAIL,NG@tutanota.com,"…he relevant sections of the policy, such as the handling of «NG@tutanota.com» and +10 93019-3493 information. Finally, the facility commi…",,,
openpii-21064189,9,TELEPHONENUM,+10 93019-3493,"… of the policy, such as the handling of NG@tutanota.com and «+10 93019-3493» information. Finally, the facility commits to continuous im…",,,
openpii-21064189,10,GIVENNAME,Auréa Margott,"…vement by incorporating feedback from clients—identified by «Auréa Margott» Gulla and their September/52—into future policy revisions, …",,,
openpii-21064189,11,SURNAME,Gulla,"…rporating feedback from clients—identified by Auréa Margott «Gulla» and their September/52—into future policy revisions, which …",,,
openpii-21064189,12,DATE,September/52,"…ck from clients—identified by Auréa Margott Gulla and their «September/52»—into future policy revisions, which will be published on th…",,,
openpii-20954788,0,GIVENNAME,Legjenda,"…edging their respective obligations concerning their child, «Legjenda» (age: 26, sex: Female, gender: Female), and agree to revisi…",,,
openpii-20954788,1,AGE,26,"…spective obligations concerning their child, Legjenda (age: «26», sex: Female, gender: Female), and agree to revisit the ter…",,,
openpii-20954788,2,SEX,Female,"…obligations concerning their child, Legjenda (age: 26, sex: «Female», gender: Female), and agree to revisit the terms should any…",,,
openpii-20954788,3,GENDER,Female,"…erning their child, Legjenda (age: 26, sex: Female, gender: «Female»), and agree to revisit the terms should any significant cha…",,,
openpii-20985026,0,TITLE,Mstr,"…Researchers, led by «Mstr» Rosam Isepponi, will compile the data, linking each respond…",,,
openpii-20985026,1,GIVENNAME,Rosam,"…Researchers, led by Mstr «Rosam» Isepponi, will compile the data, linking each respondent’s …",,,
openpii-20985026,2,SURNAME,Isepponi,"…Researchers, led by Mstr Rosam «Isepponi», will compile the data, linking each respondent’s GP10333VW…",,,
openpii-20985026,3,IDCARDNUM,GP10333VW,"… Isepponi, will compile the data, linking each respondent’s «GP10333VW» with their self‑reported 806 742 6605 and 48214 44880 to en…",,,
openpii-20985026,4,SOCIALNUM,806 742 6605,…inking each respondent’s GP10333VW with their self‑reported «806 742 6605» and 48214 44880 to ensure demographic accuracy.…,,,
openpii-20985026,5,TAXNUM,48214 44880,…ndent’s GP10333VW with their self‑reported 806 742 6605 and «48214 44880» to ensure demographic accuracy.…,,,
openpii-20967755,0,DRIVERLICENSENUM,GENES-031151-G9-981,…Please ensure your «GENES-031151-G9-981» and 429516112 are uploaded to the training portal by 17/07/…,,,
openpii-20967755,1,PASSPORTNUM,429516112,…Please ensure your GENES-031151-G9-981 and «429516112» are uploaded to the training portal by 17/07/2020.…,,,
openpii-20967755,2,DATE,17/07/2020,…G9-981 and 429516112 are uploaded to the training portal by «17/07/2020».…,,,
openpii-20991221,0,AGE,53,"…The assessment will also record your «53» and Other details, and a brief health questionnaire will be…",,,
openpii-20991221,1,SEX,Other,"…The assessment will also record your 53 and «Other» details, and a brief health questionnaire will be sent to y…",,,
openpii-20991221,2,EMAIL,L16@protonmail.com,…ief health questionnaire will be sent to your email address «L16@protonmail.com» prior to the appointment.…,,,
openpii-20941540,0,GIVENNAME,Stiven,"…Hey team, «Stiven» just highlighted that the upcoming audit on May/08 will req…",,,
openpii-20941540,1,DATE,May/08,"…ey team, Stiven just highlighted that the upcoming audit on «May/08» will require us to upload the latest shipment manifests lin…",,,
openpii-20941540,2,TITLE,Mister,…latest shipment manifests linked to each product batch. Can «Mister» Altenberger share the updated CSV via email to HB@tutanota.…,,,
openpii-20941540,3,SURNAME,Altenberger,…shipment manifests linked to each product batch. Can Mister «Altenberger» share the updated CSV via email to HB@tutanota.com and conf…,,,
openpii-20941540,4,EMAIL,HB@tutanota.com,…. Can Mister Altenberger share the updated CSV via email to «HB@tutanota.com» and confirm the upload by calling me at 05-53-56 11-80?…,,,
openpii-20941540,5,TELEPHONENUM,05-53-56 11-80,… to HB@tutanota.com and confirm the upload by calling me at «05-53-56 11-80»?…,,,
openpii-21083020,0,CITY,Aurora,"…On a fog‑kissed morning in «Aurora», Maria-Luna sits by the window of 4039 Mays Chapel Road and…",,,
openpii-21083020,1,GIVENNAME,Maria-Luna,"…On a fog‑kissed morning in Aurora, «Maria-Luna» sits by the window of 4039 Mays Chapel Road and watches the…",,,
openpii-21083020,2,BUILDINGNUM,4039,"…‑kissed morning in Aurora, Maria-Luna sits by the window of «4039» Mays Chapel Road and watches the world unfurl like a paper …",,,
openpii-21083020,3,STREET,Mays Chapel Road,"…ed morning in Aurora, Maria-Luna sits by the window of 4039 «Mays Chapel Road» and watches the world unfurl like a paper crane; each breat…",,,
openpii-21083020,4,TITLE,Mstr,"…breath is a stanza, each sigh a punctuation mark. The poet, «Mstr» Maritta Anna-Kaisa Pimienta Gey, writes a line about the qu…",,,
openpii-21083020,5,GIVENNAME,Maritta Anna-Kaisa,"…h is a stanza, each sigh a punctuation mark. The poet, Mstr «Maritta Anna-Kaisa» Pimienta Gey, writes a line about the quiet dignity of O ex…",,,
openpii-21083020,6,SURNAME,Pimienta Gey,"… sigh a punctuation mark. The poet, Mstr Maritta Anna-Kaisa «Pimienta Gey», writes a line about the quiet dignity of O existence, weav…",,,
openpii-21083020,7,SEX,O,"…aisa Pimienta Gey, writes a line about the quiet dignity of «O» existence, weaving the cadence of 8th July 1983 into the rh…",,,
openpii-21083020,8,DATE,8th July 1983,"…ut the quiet dignity of O existence, weaving the cadence of «8th July 1983» into the rhythm of the present. A soft chime of 0140-004-23…",,,
openpii-21083020,9,TELEPHONENUM,0140-004-230-9954,"…h July 1983 into the rhythm of the present. A soft chime of «0140-004-230-9954» rings, reminding the mind of the invisible threads that bin…",,,
openpii-21083020,10,CREDITCARDNUMBER,344899713575916,"…e invisible threads that bind us—like the subtle curve of a «344899713575916» masked number protecting a secret. The stanza expands, brea…",,,
openpii-21083020,11,ZIPCODE,17061-8344,"…he stanza expands, breathing in the cool scent of pine from «17061-8344» and exhaling the warmth of shared humanity, concluding with…",,,
openpii-20979318,0,DATE,"February 11th, 2013","…We have scheduled a pre‑competition workshop on «February 11th, 2013» at the climbing gym located on Stow Road 709. Attendance is…",,,
openpii-20979318,1,STREET,Stow Road,"…kshop on February 11th, 2013 at the climbing gym located on «Stow Road» 709. Attendance is optional but recommended for newcomers l…",,,
openpii-20979318,2,BUILDINGNUM,709,"…ebruary 11th, 2013 at the climbing gym located on Stow Road «709». Attendance is optional but recommended for newcomers like …",,,
openpii-20979318,3,GIVENNAME,Zoy,…. Attendance is optional but recommended for newcomers like «Zoy» who is 83 and eager to improve.…,,,
openpii-20979318,4,AGE,83,…e is optional but recommended for newcomers like Zoy who is «83» and eager to improve.…,,,
openpii-20926742,0,DATE,23/05/1995,…Field notes submitted on «23/05/1995» by Darius-Andrei Cimerman included a GPS tag for the newly …,,,
openpii-20926742,1,GIVENNAME,Darius-Andrei,…Field notes submitted on 23/05/1995 by «Darius-Andrei» Cimerman included a GPS tag for the newly discovered orchid…,,,
openpii-20926742,2,SURNAME,Cimerman,…Field notes submitted on 23/05/1995 by Darius-Andrei «Cimerman» included a GPS tag for the newly discovered orchid at T0M C…,,,
openpii-20926742,3,ZIPCODE,T0M,…erman included a GPS tag for the newly discovered orchid at «T0M» Caledon East. The specimen’s passport number DJ0938397 was …,,,
openpii-20926742,4,CITY,Caledon East,"…n included a GPS tag for the newly discovered orchid at T0M «Caledon East». The specimen’s passport number DJ0938397 was recorded, and…",,,
openpii-20926742,5,PASSPORTNUM,DJ0938397,"… orchid at T0M Caledon East. The specimen’s passport number «DJ0938397» was recorded, and the sample will be stored under the super…",,,
openpii-20926742,6,TITLE,Mayoress,"…ded, and the sample will be stored under the supervision of «Mayoress» Nayah Baudit Monshengwo at the national herbarium. For any …",,,
openpii-20926742,7,GIVENNAME,Nayah,…the sample will be stored under the supervision of Mayoress «Nayah» Baudit Monshengwo at the national herbarium. For any querie…,,,
openpii-20926742,8,SURNAME,Baudit Monshengwo,"…mple will be stored under the supervision of Mayoress Nayah «Baudit Monshengwo» at the national herbarium. For any queries, stakeholders ma…",,,
openpii-20926742,9,EMAIL,haniybollhagen@yahoo.com,"…m. For any queries, stakeholders may contact the liaison at «haniybollhagen@yahoo.com» or call 069-684 5350 during business hours.…",,,
openpii-20926742,10,TELEPHONENUM,069-684 5350,…may contact the liaison at haniybollhagen@yahoo.com or call «069-684 5350» during business hours.…,,,
openpii-21002587,0,TELEPHONENUM,+44.12 781 4613,"…If you have any questions, call our support line at «+44.12 781 4613» between 9 am and 5 pm, referencing case number YA86485TU.…",,,
openpii-21002587,1,IDCARDNUM,YA86485TU,"….12 781 4613 between 9 am and 5 pm, referencing case number «YA86485TU».…",,,
openpii-20944350,0,TITLE,Advocate,"…itation to Join the New Virtual Accountability System  Dear «Advocate» Elohan Muenala Besedina Granwehr,  We are pleased to invite…",,,
openpii-20944350,1,GIVENNAME,Elohan,"…o Join the New Virtual Accountability System  Dear Advocate «Elohan» Muenala Besedina Granwehr,  We are pleased to invite you to…",,,
openpii-20944350,2,SURNAME,Muenala Besedina Granwehr,"…the New Virtual Accountability System  Dear Advocate Elohan «Muenala Besedina Granwehr»,  We are pleased to invite you to enroll in our Virtual Acc…",,,
openpii-20944350,3,DATE,26/05/1952,"…o enroll in our Virtual Accountability System, launching on «26/05/1952». Please confirm your participation by emailing AM@outlook.c…",,,
openpii-20944350,4,EMAIL,AM@outlook.com,…n 26/05/1952. Please confirm your participation by emailing «AM@outlook.com» and providing your employee ID (X7X23IFF2E) along with your…,,,
openpii-20944350,5,IDCARDNUM,X7X23IFF2E,"… by emailing AM@outlook.com and providing your employee ID («X7X23IFF2E») along with your date of birth (July 19th, 2008).  Kind reg…",,,
openpii-20944350,6,DATE,"July 19th, 2008","…our employee ID (X7X23IFF2E) along with your date of birth («July 19th, 2008»).  Kind regards, Compliance Team…",,,
openpii-20973453,0,BUILDINGNUM,37,…Parking is available near «37» Lutterworth Road; please use zip code W2 for navigation.…,,,
openpii-20973453,1,STREET,Lutterworth Road,…Parking is available near 37 «Lutterworth Road»; please use zip code W2 for navigation.…,,,
openpii-20973453,2,ZIPCODE,W2,… is available near 37 Lutterworth Road; please use zip code «W2» for navigation.…,,,
openpii-21005323,0,EMAIL,LD@gmail.com,…The project charter requires each member to provide their «LD@gmail.com» and 05-7306-3481 for the shared contact sheet.…,,,
openpii-21005323,1,TELEPHONENUM,05-7306-3481,…rter requires each member to provide their LD@gmail.com and «05-7306-3481» for the shared contact sheet.…,,,
openpii-21096880,0,TITLE,Mrs,"…Dear «Mrs» Pushpamalar Grabkowiak, we are excited to introduce our new…",,,
openpii-21096880,1,GIVENNAME,Pushpamalar,"…Dear Mrs «Pushpamalar» Grabkowiak, we are excited to introduce our new no‑code sol…",,,
openpii-21096880,2,SURNAME,Grabkowiak,"…Dear Mrs Pushpamalar «Grabkowiak», we are excited to introduce our new no‑code solution that …",,,
openpii-21096880,3,EMAIL,hajieibisch@gmail.com,…riting a single line of code. Just sign up using your email «hajieibisch@gmail.com» and verify your identity with 5793347804219 or 994183348.…,,,
openpii-21096880,4,IDCARDNUM,5793347804219,…r email hajieibisch@gmail.com and verify your identity with «5793347804219» or 994183348.…,,,
openpii-21096880,5,PASSPORTNUM,994183348,…ch@gmail.com and verify your identity with 5793347804219 or «994183348».…,,,
openpii-20953136,0,AGE,31,"…eceive a complimentary risk assessment for individuals aged «31» and older. Submit your details, including Ljubinko Vaz Marq…",,,
openpii-20953136,1,GIVENNAME,Ljubinko,"…dividuals aged 31 and older. Submit your details, including «Ljubinko» Vaz Marques, 8759425507 and a valid BZ9X6ZTY3F, through our…",,,
openpii-20953136,2,SURNAME,Vaz Marques,"… aged 31 and older. Submit your details, including Ljubinko «Vaz Marques», 8759425507 and a valid BZ9X6ZTY3F, through our online port…",,,
openpii-20953136,3,SOCIALNUM,8759425507,"…older. Submit your details, including Ljubinko Vaz Marques, «8759425507» and a valid BZ9X6ZTY3F, through our online portal or by mai…",,,
openpii-20953136,4,IDCARDNUM,BZ9X6ZTY3F,"…ils, including Ljubinko Vaz Marques, 8759425507 and a valid «BZ9X6ZTY3F», through our online portal or by mailing a form to 3721 Rya…",,,
openpii-20953136,5,BUILDINGNUM,3721,"…9X6ZTY3F, through our online portal or by mailing a form to «3721» Ryan Crescent, Oxford House. Our clinicians, led by Master …",,,
openpii-20953136,6,STREET,Ryan Crescent,"…Y3F, through our online portal or by mailing a form to 3721 «Ryan Crescent», Oxford House. Our clinicians, led by Master Krstina Fulger…",,,
openpii-20953136,7,CITY,Oxford House,"…r online portal or by mailing a form to 3721 Ryan Crescent, «Oxford House». Our clinicians, led by Master Krstina Fulger, will contact…",,,
openpii-20953136,8,TITLE,Master,"…to 3721 Ryan Crescent, Oxford House. Our clinicians, led by «Master» Krstina Fulger, will contact you within 48 hours to arrange…",,,
openpii-20953136,9,GIVENNAME,Krstina,"… Ryan Crescent, Oxford House. Our clinicians, led by Master «Krstina» Fulger, will contact you within 48 hours to arrange a conve…",,,
openpii-20953136,10,SURNAME,Fulger,"…escent, Oxford House. Our clinicians, led by Master Krstina «Fulger», will contact you within 48 hours to arrange a convenient s…",,,
openpii-21108822,0,TELEPHONENUM,07.02.46.21 37,"…If you need assistance, call us at «07.02.46.21 37» or visit our office at 27255 Highway 81, Casa Grande 80640-…",,,
openpii-21108822,1,BUILDINGNUM,27255,"…ssistance, call us at 07.02.46.21 37 or visit our office at «27255» Highway 81, Casa Grande 80640-8499.…",,,
openpii-21108822,2,STREET,Highway 81,"…nce, call us at 07.02.46.21 37 or visit our office at 27255 «Highway 81», Casa Grande 80640-8499.…",,,
openpii-21108822,3,CITY,Casa Grande,"… at 07.02.46.21 37 or visit our office at 27255 Highway 81, «Casa Grande» 80640-8499.…",,,
openpii-21108822,4,ZIPCODE,80640-8499,"….21 37 or visit our office at 27255 Highway 81, Casa Grande «80640-8499».…",,,
openpii-20946546,0,SOCIALNUM,5979644964,"…yroll processing also requires the social insurance number («5979644964»), tax identification (98416-44253), and passport reference …",,,
openpii-20946546,1,TAXNUM,98416-44253,"…e social insurance number (5979644964), tax identification («98416-44253»), and passport reference (MR3622565) for international tax …",,,
openpii-20946546,2,PASSPORTNUM,MR3622565,"…, tax identification (98416-44253), and passport reference («MR3622565») for international tax treaties.…",,,
openpii-20949050,0,IDCARDNUM,1MH26XXLCM,"…Form Entry: ID «1MH26XXLCM»; DOB February 14th, 1993; Age 0…",,,
openpii-20949050,1,DATE,"February 14th, 1993","…Form Entry: ID 1MH26XXLCM; DOB «February 14th, 1993»; Age 0…",,,
openpii-20949050,2,AGE,0,"…Form Entry: ID 1MH26XXLCM; DOB February 14th, 1993; Age «0»…",,,
openpii-21063301,0,GIVENNAME,Waldtraud,"…Hi «Waldtraud», as a Mister setting up a home office, place your monitor a…",,,
openpii-21063301,1,TITLE,Mister,"…Hi Waldtraud, as a «Mister» setting up a home office, place your monitor at eye level, …",,,
openpii-21063301,2,BUILDINGNUM,772,"…ng up a home office, place your monitor at eye level, use a «772»‑inch ergonomic keyboard, and keep a small desk lamp on the …",,,
openpii-21063301,3,STREET,Vazquez Road,"…‑inch ergonomic keyboard, and keep a small desk lamp on the «Vazquez Road» side for balanced lighting.…",,,
openpii-20951239,0,GIVENNAME,Cassiopée,…r the Historical Memory and Reconciliation Tour: Full Name: «Cassiopée» Grünberger Date of Birth: 1st December 1975 (Age: 59) Sex: …,,,
openpii-20951239,1,SURNAME,Grünberger,…orical Memory and Reconciliation Tour: Full Name: Cassiopée «Grünberger» Date of Birth: 1st December 1975 (Age: 59) Sex: F | Gender …,,,
openpii-20951239,2,DATE,1st December 1975,…iation Tour: Full Name: Cassiopée Grünberger Date of Birth: «1st December 1975» (Age: 59) Sex: F | Gender Identity: Two-spirit National ID:…,,,
openpii-20951239,3,AGE,59,…Cassiopée Grünberger Date of Birth: 1st December 1975 (Age: «59») Sex: F | Gender Identity: Two-spirit National ID: JF1D332C…,,,
openpii-20951239,4,SEX,F,… Grünberger Date of Birth: 1st December 1975 (Age: 59) Sex: «F» | Gender Identity: Two-spirit National ID: JF1D332CNQ Drive…,,,
openpii-20951239,5,GENDER,Two-spirit,…irth: 1st December 1975 (Age: 59) Sex: F | Gender Identity: «Two-spirit» National ID: JF1D332CNQ Driver's License No.: GLYI22JU33 So…,,,
openpii-20951239,6,IDCARDNUM,JF1D332CNQ,…(Age: 59) Sex: F | Gender Identity: Two-spirit National ID: «JF1D332CNQ» Driver's License No.: GLYI22JU33 Social Security No.: 13382…,,,
openpii-20951239,7,DRIVERLICENSENUM,GLYI22JU33,…y: Two-spirit National ID: JF1D332CNQ Driver's License No.: «GLYI22JU33» Social Security No.: 1338256090 Tax Identification No.: 157…,,,
openpii-20951239,8,SOCIALNUM,1338256090,…32CNQ Driver's License No.: GLYI22JU33 Social Security No.: «1338256090» Tax Identification No.: 15751 51739 All fields are required…,,,
openpii-20951239,9,TAXNUM,15751 51739,…U33 Social Security No.: 1338256090 Tax Identification No.: «15751 51739» All fields are required to ensure compliance with local her…,,,
openpii-21077983,0,DATE,26/04/2021,"…«26/04/2021» Mr Kwasniewska, I am writing to share the preliminary findi…",,,
openpii-21077983,1,TITLE,Mr,"…26/04/2021 «Mr» Kwasniewska, I am writing to share the preliminary findings…",,,
openpii-21077983,2,SURNAME,Kwasniewska,"…26/04/2021 Mr «Kwasniewska», I am writing to share the preliminary findings of our Resi…",,,
openpii-21077983,3,CITY,Jackson,"…our Resilience Factor Analysis conducted on the cohort from «Jackson» (ZIP 98380-4504). The data, collected between April/67 and …",,,
openpii-21077983,4,ZIPCODE,98380-4504,"…e Factor Analysis conducted on the cohort from Jackson (ZIP «98380-4504»). The data, collected between April/67 and February/08, ind…",,,
openpii-21077983,5,DATE,April/67,"… from Jackson (ZIP 98380-4504). The data, collected between «April/67» and February/08, indicates that participants with an averag…",,,
openpii-21077983,6,DATE,February/08,"… (ZIP 98380-4504). The data, collected between April/67 and «February/08», indicates that participants with an average 10 of 24 and a…",,,
openpii-21077983,7,AGE,10,"…nd February/08, indicates that participants with an average «10» of 24 and a self‑reported Bigender of Androgynous tend to s…",,,
openpii-21077983,8,AGE,24,"…ruary/08, indicates that participants with an average 10 of «24» and a self‑reported Bigender of Androgynous tend to score 1…",,,
openpii-21077983,9,GENDER,Bigender,…t participants with an average 10 of 24 and a self‑reported «Bigender» of Androgynous tend to score 12% higher on the adaptive cop…,,,
openpii-21077983,10,GENDER,Androgynous,…ts with an average 10 of 24 and a self‑reported Bigender of «Androgynous» tend to score 12% higher on the adaptive coping scale. Plea…,,,
openpii-21077983,11,IDCARDNUM,040309538,…ry and let me know if you need the raw dataset (ID Card No. «040309538») for deeper statistical modeling.…,,,
openpii-21083438,0,DATE,November/42,"…s – Renewable Biomass Resource Management Initiative (Date: «November/42») Attendees: Mr Dominga Yorou, Miss Lerna Kuyingu, and Mr Ob…",,,
openpii-21083438,1,TITLE,Mr,"…source Management Initiative (Date: November/42) Attendees: «Mr» Dominga Yorou, Miss Lerna Kuyingu, and Mr Obaid Bozboga. Th…",,,
openpii-21083438,2,GIVENNAME,Dominga,"…rce Management Initiative (Date: November/42) Attendees: Mr «Dominga» Yorou, Miss Lerna Kuyingu, and Mr Obaid Bozboga. The team d…",,,
openpii-21083438,3,SURNAME,Yorou,"…gement Initiative (Date: November/42) Attendees: Mr Dominga «Yorou», Miss Lerna Kuyingu, and Mr Obaid Bozboga. The team discuss…",,,
openpii-21083438,4,TITLE,Miss,"…Initiative (Date: November/42) Attendees: Mr Dominga Yorou, «Miss» Lerna Kuyingu, and Mr Obaid Bozboga. The team discussed the…",,,
openpii-21083438,5,GIVENNAME,Lerna,"…ative (Date: November/42) Attendees: Mr Dominga Yorou, Miss «Lerna» Kuyingu, and Mr Obaid Bozboga. The team discussed the acqui…",,,
openpii-21083438,6,SURNAME,Kuyingu,"…(Date: November/42) Attendees: Mr Dominga Yorou, Miss Lerna «Kuyingu», and Mr Obaid Bozboga. The team discussed the acquisition o…",,,
openpii-21083438,7,TITLE,Mr,"…er/42) Attendees: Mr Dominga Yorou, Miss Lerna Kuyingu, and «Mr» Obaid Bozboga. The team discussed the acquisition of 150 ac…",,,
openpii-21083438,8,GIVENNAME,Obaid,"…42) Attendees: Mr Dominga Yorou, Miss Lerna Kuyingu, and Mr «Obaid» Bozboga. The team discussed the acquisition of 150 acres of…",,,
openpii-21083438,9,SURNAME,Bozboga,"…tendees: Mr Dominga Yorou, Miss Lerna Kuyingu, and Mr Obaid «Bozboga». The team discussed the acquisition of 150 acres of forest …",,,
openpii-21083438,10,CITY,Farmersville,"…am discussed the acquisition of 150 acres of forest land in «Farmersville» (ZIP 75409) for sustainable timber harvesting, noting that …",,,
openpii-21083438,11,ZIPCODE,75409,"…cquisition of 150 acres of forest land in Farmersville (ZIP «75409») for sustainable timber harvesting, noting that the landown…",,,
openpii-21083438,12,TELEPHONENUM,0113 56.941 6468,"…r harvesting, noting that the landowner’s contact number is «0113 56.941 6468» and the legal title is recorded under 380638664148. Key dec…",,,
openpii-21083438,13,IDCARDNUM,380638664148,…r is 0113 56.941 6468 and the legal title is recorded under «380638664148». Key decisions: (1) Allocate a pilot fund of 38975004282981…,,,
openpii-21083438,14,CREDITCARDNUMBER,3897500428298140,…r 380638664148. Key decisions: (1) Allocate a pilot fund of «3897500428298140» to purchase equipment; (2) Submit the environmental impact …,,,
openpii-21083438,15,DATE,28th September 2013,…quipment; (2) Submit the environmental impact assessment by «28th September 2013»; (3) Register the operation with the state tax authority us…,,,
openpii-21083438,16,TAXNUM,52680 04029,…ter the operation with the state tax authority using tax ID «52680 04029». Action items were assigned to Swapna (lead coordinator) an…,,,
openpii-21083438,17,GIVENNAME,Swapna,…ity using tax ID 52680 04029. Action items were assigned to «Swapna» (lead coordinator) and Redai Skarlatos (community outreach)…,,,
openpii-21083438,18,GIVENNAME,Redai Skarlatos,"…Action items were assigned to Swapna (lead coordinator) and «Redai Skarlatos» (community outreach), with follow‑up scheduled for the next…",,,
openpii-20948055,0,TITLE,Master,"…A motivational email from «Master» Guanyu Ajon Marxen (age 60, born on April 14th, 1974) is se…",,,
openpii-20948055,1,GIVENNAME,Guanyu Ajon,"…A motivational email from Master «Guanyu Ajon» Marxen (age 60, born on April 14th, 1974) is sent to D@gmai…",,,
openpii-20948055,2,SURNAME,Marxen,"…A motivational email from Master Guanyu Ajon «Marxen» (age 60, born on April 14th, 1974) is sent to D@gmail.com o…",,,
openpii-20948055,3,AGE,60,"…A motivational email from Master Guanyu Ajon Marxen (age «60», born on April 14th, 1974) is sent to D@gmail.com on 1954-0…",,,
openpii-20948055,4,DATE,"April 14th, 1974","…ional email from Master Guanyu Ajon Marxen (age 60, born on «April 14th, 1974») is sent to D@gmail.com on 1954-09-22T00:00:00, urging the …",,,
openpii-20948055,5,EMAIL,D@gmail.com,"…u Ajon Marxen (age 60, born on April 14th, 1974) is sent to «D@gmail.com» on 1954-09-22T00:00:00, urging the recipient to visualise a…",,,
openpii-20948055,6,DATE,1954-09-22T00:00:00,"…age 60, born on April 14th, 1974) is sent to D@gmail.com on «1954-09-22T00:00:00», urging the recipient to visualise a debt‑free future as a …",,,
openpii-20914005,0,DATE,1943-11-07T00:00:00,…andatory cardiac‑response training session is scheduled for «1943-11-07T00:00:00» in West Vancouver; it will be led by Madame Ousama Svitek w…,,,
openpii-20914005,1,CITY,West Vancouver,…se training session is scheduled for 1943-11-07T00:00:00 in «West Vancouver»; it will be led by Madame Ousama Svitek who will cover both…,,,
openpii-20914005,2,TITLE,Madame,…or 1943-11-07T00:00:00 in West Vancouver; it will be led by «Madame» Ousama Svitek who will cover both theoretical and hands‑on …,,,
openpii-20914005,3,GIVENNAME,Ousama,…-11-07T00:00:00 in West Vancouver; it will be led by Madame «Ousama» Svitek who will cover both theoretical and hands‑on compone…,,,
openpii-20914005,4,SURNAME,Svitek,…00:00:00 in West Vancouver; it will be led by Madame Ousama «Svitek» who will cover both theoretical and hands‑on components.…,,,
openpii-20928711,0,TITLE,Minister,…«Minister» Nunes Kapp Cernanská kindly invites you to the Watercolor T…,,,
openpii-20928711,1,GIVENNAME,Nunes,…Minister «Nunes» Kapp Cernanská kindly invites you to the Watercolor Techniq…,,,
openpii-20928711,2,SURNAME,Kapp Cernanská,…Minister Nunes «Kapp Cernanská» kindly invites you to the Watercolor Technique Workshop on …,,,
openpii-20928711,3,DATE,17/12/1952,"… kindly invites you to the Watercolor Technique Workshop on «17/12/1952» at our studio located at 2711 Township Road 440, Britannia …",,,
openpii-20928711,4,BUILDINGNUM,2711,"…r Technique Workshop on 17/12/1952 at our studio located at «2711» Township Road 440, Britannia Beach N0H. Please confirm your…",,,
openpii-20928711,5,STREET,Township Road 440,"…hnique Workshop on 17/12/1952 at our studio located at 2711 «Township Road 440», Britannia Beach N0H. Please confirm your attendance by rep…",,,
openpii-20928711,6,CITY,Britannia Beach,"…17/12/1952 at our studio located at 2711 Township Road 440, «Britannia Beach» N0H. Please confirm your attendance by replying to D@proton…",,,
openpii-20928711,7,ZIPCODE,N0H,"…r studio located at 2711 Township Road 440, Britannia Beach «N0H». Please confirm your attendance by replying to D@protonmail…",,,
openpii-20928711,8,EMAIL,D@protonmail.com,…ia Beach N0H. Please confirm your attendance by replying to «D@protonmail.com» or calling 01605 337.587.6015; kindly note participants sho…,,,
openpii-20928711,9,TELEPHONENUM,01605 337.587.6015,… your attendance by replying to D@protonmail.com or calling «01605 337.587.6015»; kindly note participants should be at least 3 years old.…,,,
openpii-20928711,10,AGE,3,…5 337.587.6015; kindly note participants should be at least «3» years old.…,,,
openpii-21078261,0,GIVENNAME,Mathes Sanmugarajah,"…The masterpiece titled 'Silken Echoes' was conceived by «Mathes Sanmugarajah» Türkoglu Wiederstein, born on November 30th, 1987, who is n…",,,
openpii-21078261,1,SURNAME,Türkoglu Wiederstein,"…titled 'Silken Echoes' was conceived by Mathes Sanmugarajah «Türkoglu Wiederstein», born on November 30th, 1987, who is now 8 years old. As a …",,,
openpii-21078261,2,DATE,"November 30th, 1987","…ceived by Mathes Sanmugarajah Türkoglu Wiederstein, born on «November 30th, 1987», who is now 8 years old. As a Genderqueer artist, they draw…",,,
openpii-21078261,3,AGE,8,"…rkoglu Wiederstein, born on November 30th, 1987, who is now «8» years old. As a Genderqueer artist, they draw inspiration f…",,,
openpii-21078261,4,GENDER,Genderqueer,"…, born on November 30th, 1987, who is now 8 years old. As a «Genderqueer» artist, they draw inspiration from the coastal winds of the…",,,
openpii-21078261,5,DATE,2023-01-27T00:00:00,"… from the coastal winds of their hometown, captured here on «2023-01-27T00:00:00». This piece intertwines traditional loom techniques with co…",,,
openpii-21108101,0,DATE,07/11/2009,"…Minutes – Interdisciplinary Health Collaboration («07/11/2009»)\nAttendees: Mstr Odom Buffing (Cardiology), Mayoress Hideo…",,,
openpii-21108101,1,TITLE,Mstr,"…rdisciplinary Health Collaboration (07/11/2009)\nAttendees: «Mstr» Odom Buffing (Cardiology), Mayoress Hideo Pöhls (Nutrition)…",,,
openpii-21108101,2,GIVENNAME,Odom,"…iplinary Health Collaboration (07/11/2009)\nAttendees: Mstr «Odom» Buffing (Cardiology), Mayoress Hideo Pöhls (Nutrition), Mas…",,,
openpii-21108101,3,SURNAME,Buffing,"…ary Health Collaboration (07/11/2009)\nAttendees: Mstr Odom «Buffing» (Cardiology), Mayoress Hideo Pöhls (Nutrition), Master Shef…",,,
openpii-21108101,4,TITLE,Mayoress,"…on (07/11/2009)\nAttendees: Mstr Odom Buffing (Cardiology), «Mayoress» Hideo Pöhls (Nutrition), Master Shefkije Wanczinsuren (Phys…",,,
openpii-21108101,5,GIVENNAME,Hideo,"…/2009)\nAttendees: Mstr Odom Buffing (Cardiology), Mayoress «Hideo» Pöhls (Nutrition), Master Shefkije Wanczinsuren (Physical T…",,,
openpii-21108101,6,SURNAME,Pöhls,"…\nAttendees: Mstr Odom Buffing (Cardiology), Mayoress Hideo «Pöhls» (Nutrition), Master Shefkije Wanczinsuren (Physical Therapy…",,,
openpii-21108101,7,TITLE,Master,"…dom Buffing (Cardiology), Mayoress Hideo Pöhls (Nutrition), «Master» Shefkije Wanczinsuren (Physical Therapy).\nKey points: 1) S…",,,
openpii-21108101,8,GIVENNAME,Shefkije,"…fing (Cardiology), Mayoress Hideo Pöhls (Nutrition), Master «Shefkije» Wanczinsuren (Physical Therapy).\nKey points: 1) Share pati…",,,
openpii-21108101,9,SURNAME,Wanczinsuren,"…diology), Mayoress Hideo Pöhls (Nutrition), Master Shefkije «Wanczinsuren» (Physical Therapy).\nKey points: 1) Share patient data secu…",,,
openpii-21108101,10,IDCARDNUM,838659783002,… Therapy).\nKey points: 1) Share patient data securely (ID: «838659783002»); 2) Align treatment plans considering age 62 and gender Ag…,,,
openpii-21108101,11,AGE,62,"…ID: 838659783002); 2) Align treatment plans considering age «62» and gender Agender; 3) Schedule follow‑up on December 7th, …",,,
openpii-21108101,12,GENDER,Agender,"…02); 2) Align treatment plans considering age 62 and gender «Agender»; 3) Schedule follow‑up on December 7th, 1990.\nAction items…",,,
openpii-21108101,13,DATE,"December 7th, 1990","…idering age 62 and gender Agender; 3) Schedule follow‑up on «December 7th, 1990».\nAction items: Sohail Mubije to draft joint protocol; Luen…",,,
openpii-21108101,14,GIVENNAME,Sohail Mubije,"…3) Schedule follow‑up on December 7th, 1990.\nAction items: «Sohail Mubije» to draft joint protocol; Luena to update EMR access.…",,,
openpii-21108101,15,GIVENNAME,Luena,…1990.\nAction items: Sohail Mubije to draft joint protocol; «Luena» to update EMR access.…,,,
openpii-20939241,0,DATE,25/12/2022,…«25/12/2022» Bezalel posted in the internal forum: 'The new version hand…,,,
openpii-20939241,1,GIVENNAME,Bezalel,…25/12/2022 «Bezalel» posted in the internal forum: 'The new version handled the …,,,
openpii-20939241,2,ZIPCODE,L8J,"… posted in the internal forum: 'The new version handled the «L8J» entries flawlessly, but I encountered an issue linking empl…",,,
openpii-20939241,3,SOCIALNUM,9653560283,"…lawlessly, but I encountered an issue linking employee IDs («9653560283») to their expense lines. The variance dropped to 7 after th…",,,
openpii-20939241,4,AGE,7,…9653560283) to their expense lines. The variance dropped to «7» after the latest patch.'…,,,
openpii-21074776,0,DATE,01/28/2004,"…Community Vaccination Drive Announcement: Starting «01/28/2004», free flu shots will be administered every Saturday at the …",,,
openpii-21074776,1,BUILDINGNUM,8513,"…ministered every Saturday at the municipal hall, located at «8513» East del Cuarzo Drive, Anchorage; open to all residents age…",,,
openpii-21074776,2,STREET,East del Cuarzo Drive,"…tered every Saturday at the municipal hall, located at 8513 «East del Cuarzo Drive», Anchorage; open to all residents aged 70 and above. To reg…",,,
openpii-21074776,3,CITY,Anchorage,"… the municipal hall, located at 8513 East del Cuarzo Drive, «Anchorage»; open to all residents aged 70 and above. To register, plea…",,,
openpii-21074776,4,AGE,70,"…ast del Cuarzo Drive, Anchorage; open to all residents aged «70» and above. To register, please fill out the online form usi…",,,
openpii-21074776,5,SOCIALNUM,733327097,"…ve. To register, please fill out the online form using your «733327097» and submit a copy of your W292439891798; assistance is avai…",,,
openpii-21074776,6,DRIVERLICENSENUM,W292439891798,… online form using your 733327097 and submit a copy of your «W292439891798»; assistance is available via +09.86 706 2923 or M@tutanota.…,,,
openpii-21074776,7,TELEPHONENUM,+09.86 706 2923,…t a copy of your W292439891798; assistance is available via «+09.86 706 2923» or M@tutanota.com.…,,,
openpii-21074776,8,EMAIL,M@tutanota.com,…92439891798; assistance is available via +09.86 706 2923 or «M@tutanota.com».…,,,
openpii-21000441,0,EMAIL,MRK@outlook.com,"…Please confirm your participation by replying to «MRK@outlook.com» or calling +4478720 5954 before 18th December 1943, and pro…",,,
openpii-21000441,1,TELEPHONENUM,+4478720 5954,"…our participation by replying to MRK@outlook.com or calling «+4478720 5954» before 18th December 1943, and provide your RD85002SD for r…",,,
openpii-21000441,2,DATE,18th December 1943,"…replying to MRK@outlook.com or calling +4478720 5954 before «18th December 1943», and provide your RD85002SD for regulatory compliance.…",,,
openpii-21000441,3,IDCARDNUM,RD85002SD,"…g +4478720 5954 before 18th December 1943, and provide your «RD85002SD» for regulatory compliance.…",,,
openpii-21085169,0,AGE,19,…RSVP: Please confirm your attendance by replying with your «19» and Male to 17S@gmail.com.…,,,
openpii-21085169,1,GENDER,Male,…Please confirm your attendance by replying with your 19 and «Male» to 17S@gmail.com.…,,,
openpii-21085169,2,EMAIL,17S@gmail.com,…onfirm your attendance by replying with your 19 and Male to «17S@gmail.com».…,,,
openpii-21089929,0,GIVENNAME,Jarl,…Field Survey – Amphibian Water Loss Mitigation\nObserver: «Jarl» Mijajlovic\nDate: 07/02/1996\nLocation: West 100th Street S…,,,
openpii-21089929,1,SURNAME,Mijajlovic,"…ld Survey – Amphibian Water Loss Mitigation\nObserver: Jarl «Mijajlovic»\nDate: 07/02/1996\nLocation: West 100th Street South 285, S…",,,
openpii-21089929,2,DATE,07/02/1996,"…ian Water Loss Mitigation\nObserver: Jarl Mijajlovic\nDate: «07/02/1996»\nLocation: West 100th Street South 285, Sylmar, 85338\nSpec…",,,
openpii-21089929,3,STREET,West 100th Street South,"…ion\nObserver: Jarl Mijajlovic\nDate: 07/02/1996\nLocation: «West 100th Street South» 285, Sylmar, 85338\nSpecies observed: _____________________…",,,
openpii-21089929,4,BUILDINGNUM,285,"…jlovic\nDate: 07/02/1996\nLocation: West 100th Street South «285», Sylmar, 85338\nSpecies observed: ______________________\nN…",,,
openpii-21089929,5,CITY,Sylmar,"…c\nDate: 07/02/1996\nLocation: West 100th Street South 285, «Sylmar», 85338\nSpecies observed: ______________________\nNumber of…",,,
openpii-21089929,6,ZIPCODE,85338,"… 07/02/1996\nLocation: West 100th Street South 285, Sylmar, «85338»\nSpecies observed: ______________________\nNumber of indivi…",,,
openpii-21089929,7,AGE,30,…es observed: ______________________\nNumber of individuals: «30»\nAverage skin moisture (%): __________\nAmbient temperature…,,,
openpii-20925388,0,GIVENNAME,Dorino Keld,…ect: Update – Personal Pollutant Exposure Log  Participant: «Dorino Keld» Pervançe Date of Birth: 2nd May 1969 Gender: Male | Sex: Ma…,,,
openpii-20925388,1,SURNAME,Pervançe,…– Personal Pollutant Exposure Log  Participant: Dorino Keld «Pervançe» Date of Birth: 2nd May 1969 Gender: Male | Sex: Male Age: 8…,,,
openpii-20925388,2,DATE,2nd May 1969,…osure Log  Participant: Dorino Keld Pervançe Date of Birth: «2nd May 1969» Gender: Male | Sex: Male Age: 87  During the monitoring ses…,,,
openpii-20925388,3,GENDER,Male,…t: Dorino Keld Pervançe Date of Birth: 2nd May 1969 Gender: «Male» | Sex: Male Age: 87  During the monitoring session on April…,,,
openpii-20925388,4,SEX,Male,…ld Pervançe Date of Birth: 2nd May 1969 Gender: Male | Sex: «Male» Age: 87  During the monitoring session on April/08 at the d…,,,
openpii-20925388,5,AGE,87,…e Date of Birth: 2nd May 1969 Gender: Male | Sex: Male Age: «87»  During the monitoring session on April/08 at the downtown …,,,
openpii-20925388,6,DATE,April/08,"… Male | Sex: Male Age: 87  During the monitoring session on «April/08» at the downtown air‑quality station (ID: DWGVOEF5Q7), the s…",,,
openpii-20925388,7,DRIVERLICENSENUM,DWGVOEF5Q7,"…ession on April/08 at the downtown air‑quality station (ID: «DWGVOEF5Q7»), the sensor recorded an average NO₂ concentration of 45 pp…",,,
openpii-20925388,8,CREDITCARDNUMBER,3507680160917654,…ration of 45 ppb; the corresponding health advisory code is «3507680160917654» (masked for privacy). Please confirm receipt by replying to…,,,
openpii-20925388,9,EMAIL,A@hotmail.com,…(masked for privacy). Please confirm receipt by replying to «A@hotmail.com».…,,,
openpii-20986414,0,CITY,Thame Towersey,"…nsation benchmarking analysis shows that senior analysts in «Thame Towersey» earn 38% more than the national median, according to Miss R…",,,
openpii-20986414,1,AGE,38,"… analysis shows that senior analysts in Thame Towersey earn «38»% more than the national median, according to Miss Ramatoula…",,,
openpii-20986414,2,TITLE,Miss,"…wersey earn 38% more than the national median, according to «Miss» Ramatoulaye Bersagliere.…",,,
openpii-20986414,3,GIVENNAME,Ramatoulaye,"…y earn 38% more than the national median, according to Miss «Ramatoulaye» Bersagliere.…",,,
openpii-20986414,4,SURNAME,Bersagliere,"…ore than the national median, according to Miss Ramatoulaye «Bersagliere».…",,,
openpii-21086258,0,CITY,New York Staten Island,"…The latest report shows that in «New York Staten Island» office, Eliene Gouait Kükmen De Becdelièvre and Johann-Pete…",,,
openpii-21086258,1,GIVENNAME,Eliene,"… latest report shows that in New York Staten Island office, «Eliene» Gouait Kükmen De Becdelièvre and Johann-Peter Göppinger hav…",,,
openpii-21086258,2,SURNAME,Gouait Kükmen De Becdelièvre,"… report shows that in New York Staten Island office, Eliene «Gouait Kükmen De Becdelièvre» and Johann-Peter Göppinger have each logged a 30% increase …",,,
openpii-21086258,3,GIVENNAME,Johann-Peter,"…aten Island office, Eliene Gouait Kükmen De Becdelièvre and «Johann-Peter» Göppinger have each logged a 30% increase in productivity a…",,,
openpii-21086258,4,SURNAME,Göppinger,"…ffice, Eliene Gouait Kükmen De Becdelièvre and Johann-Peter «Göppinger» have each logged a 30% increase in productivity after switc…",,,
openpii-21086258,5,DRIVERLICENSENUM,O17PM8300772,"…to flexible hours, citing reduced commute as noted in their «O17PM8300772» records.…",,,
openpii-20934779,0,TITLE,Mister,…«Mister» Tigest Hemdev Maqsoodi Blanchet will spearhead the rollout …,,,
openpii-20934779,1,GIVENNAME,Tigest,…Mister «Tigest» Hemdev Maqsoodi Blanchet will spearhead the rollout of incl…,,,
openpii-20934779,2,SURNAME,Hemdev Maqsoodi Blanchet,…Mister Tigest «Hemdev Maqsoodi Blanchet» will spearhead the rollout of inclusive hiring workshops ac…,,,
openpii-20934779,3,CITY,Southampton,"…arhead the rollout of inclusive hiring workshops across all «Southampton» offices, commencing on 16th June 2022.…",,,
openpii-20934779,4,DATE,16th June 2022,"…ing workshops across all Southampton offices, commencing on «16th June 2022».…",,,
openpii-20939249,0,GIVENNAME,Joelina Tommasina,"…ofessional settings. Our interactive session will be led by «Joelina Tommasina» Strahm, a certified psychologist with over 55 years of expe…",,,
openpii-20939249,1,SURNAME,Strahm,"…s. Our interactive session will be led by Joelina Tommasina «Strahm», a certified psychologist with over 55 years of experience.…",,,
openpii-20939249,2,AGE,55,"…oelina Tommasina Strahm, a certified psychologist with over «55» years of experience. The workshop will be held at 861 Range…",,,
openpii-20939249,3,BUILDINGNUM,861,"…h over 55 years of experience. The workshop will be held at «861» Range Road 153, Scarborough (postal code L8B 1N9). Parking …",,,
openpii-20939249,4,STREET,Range Road 153,"…er 55 years of experience. The workshop will be held at 861 «Range Road 153», Scarborough (postal code L8B 1N9). Parking is reserved for…",,,
openpii-20939249,5,CITY,Scarborough,"…xperience. The workshop will be held at 861 Range Road 153, «Scarborough» (postal code L8B 1N9). Parking is reserved for participants…",,,
openpii-20939249,6,ZIPCODE,L8B 1N9,"…ill be held at 861 Range Road 153, Scarborough (postal code «L8B 1N9»). Parking is reserved for participants holding a valid WUF9…",,,
openpii-20939249,7,DRIVERLICENSENUM,WUF9RCXOML,… 1N9). Parking is reserved for participants holding a valid «WUF9RCXOML»; please bring it along.…,,,
openpii-20933790,0,GIVENNAME,Tamoor,…Dr. «Tamoor» Grimardias will oversee the lighting design for the upcomin…,,,
openpii-20933790,1,SURNAME,Grimardias,…Dr. Tamoor «Grimardias» will oversee the lighting design for the upcoming exhibitio…,,,
openpii-20933790,2,CITY,Niagara on the Lake,"… oversee the lighting design for the upcoming exhibition in «Niagara on the Lake» on 02/12/1997, ensuring each artifact’s patina is highlight…",,,
openpii-20933790,3,DATE,02/12/1997,"…esign for the upcoming exhibition in Niagara on the Lake on «02/12/1997», ensuring each artifact’s patina is highlighted. The team w…",,,
openpii-20933790,4,STREET,Blackwater Creek Road,…lighted. The team will also use climate‑controlled cases at «Blackwater Creek Road» 4837 to preserve the delicate relics.…,,,
openpii-20933790,5,BUILDINGNUM,4837,… also use climate‑controlled cases at Blackwater Creek Road «4837» to preserve the delicate relics.…,,,
openpii-20931309,0,DATE,September/86,"…«September/86» Fation Léonis: ""Hey, did you double‑check the transport pap…",,,
openpii-20931309,1,GIVENNAME,Fation Léonis,"…September/86 «Fation Léonis»: ""Hey, did you double‑check the transport paperwork for the…",,,
openpii-20931309,2,DATE,1990-03-26T00:00:00,"…u double‑check the transport paperwork for the rock cores?"" «1990-03-26T00:00:00» Wayne Aleh Gnutzmann: ""Yes, I uploaded the EU8KKGZ74D and t…",,,
openpii-20931309,3,GIVENNAME,Wayne Aleh,"…ransport paperwork for the rock cores?"" 1990-03-26T00:00:00 «Wayne Aleh» Gnutzmann: ""Yes, I uploaded the EU8KKGZ74D and the 95325056…",,,
openpii-20931309,4,SURNAME,Gnutzmann,"…perwork for the rock cores?"" 1990-03-26T00:00:00 Wayne Aleh «Gnutzmann»: ""Yes, I uploaded the EU8KKGZ74D and the 9532505609 to the …",,,
openpii-20931309,5,DRIVERLICENSENUM,EU8KKGZ74D,"…0-03-26T00:00:00 Wayne Aleh Gnutzmann: ""Yes, I uploaded the «EU8KKGZ74D» and the 9532505609 to the shared folder; the team can acces…",,,
openpii-20931309,6,SOCIALNUM,9532505609,"…yne Aleh Gnutzmann: ""Yes, I uploaded the EU8KKGZ74D and the «9532505609» to the shared folder; the team can access them with the lin…",,,
openpii-20931309,7,EMAIL,SK1981@outlook.com,"…ed folder; the team can access them with the link I sent to «SK1981@outlook.com»."" We will meet at the lab on 2005-03-11T00:00:00 to review …",,,
openpii-20931309,8,DATE,2005-03-11T00:00:00,"…k I sent to SK1981@outlook.com."" We will meet at the lab on «2005-03-11T00:00:00» to review the data.…",,,
openpii-20919064,0,GIVENNAME,Glyn,"…Hi «Glyn»,  Just a friendly reminder that your Mindfulness and Medita…",,,
openpii-20919064,1,DATE,"September 13th, 1936","…r that your Mindfulness and Meditation Session is tomorrow, «September 13th, 1936», at our centre in Ladysmith. Please arrive at least ten min…",,,
openpii-20919064,2,CITY,Ladysmith,"…Session is tomorrow, September 13th, 1936, at our centre in «Ladysmith». Please arrive at least ten minutes early to settle in and …",,,
openpii-21081422,0,DATE,21/03/1940,"…Letter from the City Council on Senior Social Programs «21/03/1940» To: Residents of Placerville Dear Residents, The Council re…",,,
openpii-21081422,1,CITY,Placerville,"…uncil on Senior Social Programs 21/03/1940 To: Residents of «Placerville» Dear Residents, The Council recognizes the importance of so…",,,
openpii-21081422,2,AGE,85,"…es designed to foster community engagement for seniors aged «85» and above. Programs include weekly bridge clubs, guided nat…",,,
openpii-21081422,3,STREET,Crouse Mill Road,"…rm and return it to the Department of Community Services at «Crouse Mill Road» 4156, Welch  or email C@gmail.com. For any queries, call us…",,,
openpii-21081422,4,BUILDINGNUM,4156,"…to the Department of Community Services at Crouse Mill Road «4156», Welch  or email C@gmail.com. For any queries, call us at +…",,,
openpii-21081422,5,CITY,Welch,"… Department of Community Services at Crouse Mill Road 4156, «Welch»  or email C@gmail.com. For any queries, call us at +1 979 7…",,,
openpii-21081422,6,EMAIL,C@gmail.com,"…ommunity Services at Crouse Mill Road 4156, Welch  or email «C@gmail.com». For any queries, call us at +1 979 734-3106 and reference …",,,
openpii-21081422,7,TELEPHONENUM,+1 979 734-3106,"…6, Welch  or email C@gmail.com. For any queries, call us at «+1 979 734-3106» and reference your 679-20-6002 for faster assistance. We al…",,,
openpii-21081422,8,SOCIALNUM,679-20-6002,"… any queries, call us at +1 979 734-3106 and reference your «679-20-6002» for faster assistance. We also invite volunteers, such as L…",,,
openpii-21081422,9,GIVENNAME,Luk,"…2 for faster assistance. We also invite volunteers, such as «Luk» (a retired engineer) and Chanida (a former nurse), to mento…",,,
openpii-21081422,10,GIVENNAME,Chanida,"…lso invite volunteers, such as Luk (a retired engineer) and «Chanida» (a former nurse), to mentor newcomers and share their exper…",,,
openpii-21081422,11,TITLE,Master,"…a vibrant, connected, and fulfilling retirement. Sincerely, «Master» Mountassir Al Mnaked Director, Senior Services…",,,
openpii-21081422,12,GIVENNAME,Mountassir,"…nt, connected, and fulfilling retirement. Sincerely, Master «Mountassir» Al Mnaked Director, Senior Services…",,,
openpii-21081422,13,SURNAME,Al Mnaked,"…ed, and fulfilling retirement. Sincerely, Master Mountassir «Al Mnaked» Director, Senior Services…",,,
openpii-20960211,0,GIVENNAME,Marie-Catherine Laïna,"…lity issues, please reach out to our inclusive design lead, «Marie-Catherine Laïna» Chelvanayagam Maslo Jährig (gender: Agender, sex: Male). Th…",,,
openpii-20960211,1,SURNAME,Chelvanayagam Maslo Jährig,"…ach out to our inclusive design lead, Marie-Catherine Laïna «Chelvanayagam Maslo Jährig» (gender: Agender, sex: Male). They can be contacted via pho…",,,
openpii-20960211,2,GENDER,Agender,"…, Marie-Catherine Laïna Chelvanayagam Maslo Jährig (gender: «Agender», sex: Male). They can be contacted via phone (+44 13 842 54…",,,
openpii-20960211,3,SEX,Male,"…ine Laïna Chelvanayagam Maslo Jährig (gender: Agender, sex: «Male»). They can be contacted via phone (+44 13 842 5412) or emai…",,,
openpii-20960211,4,TELEPHONENUM,+44 13 842 5412,"…nder: Agender, sex: Male). They can be contacted via phone («+44 13 842 5412») or email (EED@protonmail.com) during business hours.…",,,
openpii-20960211,5,EMAIL,EED@protonmail.com,…They can be contacted via phone (+44 13 842 5412) or email («EED@protonmail.com») during business hours.…,,,
openpii-20996110,0,IDCARDNUM,WD91396BL,"…For verification, attach a copy of your ID («WD91396BL») or passport (118454201) and provide your date of birth (04…",,,
openpii-20996110,1,PASSPORTNUM,118454201,"…fication, attach a copy of your ID (WD91396BL) or passport («118454201») and provide your date of birth (04/09/2007).…",,,
openpii-20996110,2,DATE,04/09/2007,…BL) or passport (118454201) and provide your date of birth («04/09/2007»).…,,,
openpii-21002533,0,TITLE,Miss,"…«Miss» Deepu Quirijns Highfields Road 332 Retford Hayton, HU6 7AA,…",,,
openpii-21002533,1,GIVENNAME,Deepu,"…Miss «Deepu» Quirijns Highfields Road 332 Retford Hayton, HU6 7AA, HU6 9…",,,
openpii-21002533,2,SURNAME,Quirijns,"…Miss Deepu «Quirijns» Highfields Road 332 Retford Hayton, HU6 7AA, HU6 9NJ +71-20…",,,
openpii-21002533,3,STREET,Highfields Road,"…Miss Deepu Quirijns «Highfields Road» 332 Retford Hayton, HU6 7AA, HU6 9NJ +71-207-341-8774 | EK@…",,,
openpii-21002533,4,BUILDINGNUM,332,"…Miss Deepu Quirijns Highfields Road «332» Retford Hayton, HU6 7AA, HU6 9NJ +71-207-341-8774 | EK@hotm…",,,
openpii-21002533,5,CITY,Retford Hayton,"…Miss Deepu Quirijns Highfields Road 332 «Retford Hayton», HU6 7AA, HU6 9NJ +71-207-341-8774 | EK@hotmail.com  Subjec…",,,
openpii-21002533,6,ZIPCODE,"HU6 7AA, HU6 9NJ","…Miss Deepu Quirijns Highfields Road 332 Retford Hayton, «HU6 7AA, HU6 9NJ» +71-207-341-8774 | EK@hotmail.com  Subject: Ferris Wheel Se…",,,
openpii-21002533,7,TELEPHONENUM,+71-207-341-8774,"…irijns Highfields Road 332 Retford Hayton, HU6 7AA, HU6 9NJ «+71-207-341-8774» | EK@hotmail.com  Subject: Ferris Wheel Seat Restoration Re…",,,
openpii-21002533,8,EMAIL,EK@hotmail.com,"…oad 332 Retford Hayton, HU6 7AA, HU6 9NJ +71-207-341-8774 | «EK@hotmail.com»  Subject: Ferris Wheel Seat Restoration Request Date: 14/07…",,,
openpii-21002533,9,DATE,14/07/1980,"…l.com  Subject: Ferris Wheel Seat Restoration Request Date: «14/07/1980»  Dear Sir/Madam,  I am writing to enquire about the restora…",,,
openpii-21002533,10,CITY,Basingstoke,"…t the restoration of the historic ferris wheel seats at the «Basingstoke» Fairgrounds. As a long‑time enthusiast, I would like to com…",,,
openpii-21002533,11,IDCARDNUM,XV76237OO,…ion details below for verification purposes: - ID Card No.: «XV76237OO» - Driver’s Licence No.: RATNE.621193.R9.875 - Social Securi…,,,
openpii-21002533,12,DRIVERLICENSENUM,RATNE.621193.R9.875,… purposes: - ID Card No.: XV76237OO - Driver’s Licence No.: «RATNE.621193.R9.875» - Social Security No.: 0552421347 - Tax ID No.: 99656-42868…,,,
openpii-21002533,13,SOCIALNUM,0552421347,…r’s Licence No.: RATNE.621193.R9.875 - Social Security No.: «0552421347» - Tax ID No.: 99656-42868 - Passport No.: 735290963 - Date …,,,
openpii-21002533,14,TAXNUM,99656-42868,…1193.R9.875 - Social Security No.: 0552421347 - Tax ID No.: «99656-42868» - Passport No.: 735290963 - Date of Birth: 13/01/1975 - Age…,,,
openpii-21002533,15,PASSPORTNUM,735290963,…y No.: 0552421347 - Tax ID No.: 99656-42868 - Passport No.: «735290963» - Date of Birth: 13/01/1975 - Age: 27 - Sex: F - Gender: No…,,,
openpii-21002533,16,DATE,13/01/1975,"…No.: 99656-42868 - Passport No.: 735290963 - Date of Birth: «13/01/1975» - Age: 27 - Sex: F - Gender: Not specified  For payment, I …",,,
openpii-21002533,17,AGE,27,"… Passport No.: 735290963 - Date of Birth: 13/01/1975 - Age: «27» - Sex: F - Gender: Not specified  For payment, I intend to …",,,
openpii-21002533,18,SEX,F,"…No.: 735290963 - Date of Birth: 13/01/1975 - Age: 27 - Sex: «F» - Gender: Not specified  For payment, I intend to use the c…",,,
openpii-21002533,19,GENDER,Not specified,"…63 - Date of Birth: 13/01/1975 - Age: 27 - Sex: F - Gender: «Not specified»  For payment, I intend to use the corporate credit card end…",,,
openpii-21002533,20,CREDITCARDNUMBER,503811255358,"…ayment, I intend to use the corporate credit card ending in «503811255358».  Kindly advise on the next steps, estimated timelines, and…",,,
openpii-21002533,21,TITLE,Mr,"…equired.  Thank you for your assistance.  Yours faithfully, «Mr» Áedán Luxem Kazmierczyk…",,,
openpii-21002533,22,GIVENNAME,Áedán,"…ired.  Thank you for your assistance.  Yours faithfully, Mr «Áedán» Luxem Kazmierczyk…",,,
openpii-21002533,23,SURNAME,Luxem Kazmierczyk,"… Thank you for your assistance.  Yours faithfully, Mr Áedán «Luxem Kazmierczyk»…",,,
openpii-20944137,0,CREDITCARDNUMBER,6304382948824,"…Funding of «6304382948824» will be allocated, with tax details recorded under 04089090…",,,
openpii-20944137,1,TAXNUM,0408909087,"…82948824 will be allocated, with tax details recorded under «0408909087» and payroll processed via 6405199758 for each team member.…",,,
openpii-20944137,2,SOCIALNUM,6405199758,…details recorded under 0408909087 and payroll processed via «6405199758» for each team member.…,,,
openpii-20982380,0,EMAIL,zbatma@protonmail.com,"…If you have any questions, please email «zbatma@protonmail.com» or call (759)-9279905; we also recommend reviewing the clie…",,,
openpii-20982380,1,TELEPHONENUM,(759)-9279905,"…e any questions, please email zbatma@protonmail.com or call «(759)-9279905»; we also recommend reviewing the client summary dated 16th …",,,
openpii-20982380,2,DATE,16th August 1980,…79905; we also recommend reviewing the client summary dated «16th August 1980» for a full breakdown of costs.…,,,
openpii-21080800,0,GIVENNAME,Wieke,…«Wieke» Braik attended a workshop on legal planning for cognitive d…,,,
openpii-21080800,1,SURNAME,Braik,…Wieke «Braik» attended a workshop on legal planning for cognitive decline…,,,
openpii-21080800,2,DATE,"August 15th, 1993","…ended a workshop on legal planning for cognitive decline on «August 15th, 1993» in Memphis Whitehaven. The facilitator recorded participant…",,,
openpii-21080800,3,CITY,Memphis Whitehaven,"…egal planning for cognitive decline on August 15th, 1993 in «Memphis Whitehaven». The facilitator recorded participants' age (63) and biolog…",,,
openpii-21080800,4,AGE,63,…his Whitehaven. The facilitator recorded participants' age («63») and biological sex (Male) to customize the material.…,,,
openpii-21080800,5,SEX,Male,…litator recorded participants' age (63) and biological sex («Male») to customize the material.…,,,
openpii-20989093,0,TITLE,Del,"…Dear «Del» Neftali Hatnan Ossowska, you are invited to the Influential…",,,
openpii-20989093,1,GIVENNAME,Neftali Hatnan,"…Dear Del «Neftali Hatnan» Ossowska, you are invited to the Influential Directors' Ser…",,,
openpii-20989093,2,SURNAME,Ossowska,"…Dear Del Neftali Hatnan «Ossowska», you are invited to the Influential Directors' Series on Ap…",,,
openpii-20989093,3,DATE,April/10,"…ka, you are invited to the Influential Directors' Series on «April/10» at 1372 Moorsom Street, Sale CB2; please confirm your atten…",,,
openpii-20989093,4,BUILDINGNUM,1372,"…invited to the Influential Directors' Series on April/10 at «1372» Moorsom Street, Sale CB2; please confirm your attendance vi…",,,
openpii-20989093,5,STREET,Moorsom Street,"…ed to the Influential Directors' Series on April/10 at 1372 «Moorsom Street», Sale CB2; please confirm your attendance via douskweres@gm…",,,
openpii-20989093,6,CITY,Sale,"…ntial Directors' Series on April/10 at 1372 Moorsom Street, «Sale» CB2; please confirm your attendance via douskweres@gmail.co…",,,
openpii-20989093,7,ZIPCODE,CB2,"… Directors' Series on April/10 at 1372 Moorsom Street, Sale «CB2»; please confirm your attendance via douskweres@gmail.com.…",,,
openpii-20989093,8,EMAIL,douskweres@gmail.com,"…oorsom Street, Sale CB2; please confirm your attendance via «douskweres@gmail.com».…",,,
openpii-20952749,0,TITLE,Master,"…Dear «Master» Cvjetko Voncina, I am excited to share the listing for a ch…",,,
openpii-20952749,1,GIVENNAME,Cvjetko,"…Dear Master «Cvjetko» Voncina, I am excited to share the listing for a charming C…",,,
openpii-20952749,2,SURNAME,Voncina,"…Dear Master Cvjetko «Voncina», I am excited to share the listing for a charming Craftsman…",,,
openpii-20952749,3,BUILDINGNUM,4445,"…to share the listing for a charming Craftsman‑style home at «4445» Road 70 North, Truro L7C 1T1, built in 17/03/1955 and featu…",,,
openpii-20952749,4,STREET,Road 70 North,"…are the listing for a charming Craftsman‑style home at 4445 «Road 70 North», Truro L7C 1T1, built in 17/03/1955 and featuring original …",,,
openpii-20952749,5,CITY,Truro,"… for a charming Craftsman‑style home at 4445 Road 70 North, «Truro» L7C 1T1, built in 17/03/1955 and featuring original woodwor…",,,
openpii-20952749,6,ZIPCODE,L7C 1T1,"… charming Craftsman‑style home at 4445 Road 70 North, Truro «L7C 1T1», built in 17/03/1955 and featuring original woodwork and a …",,,
openpii-20952749,7,DATE,17/03/1955,"…n‑style home at 4445 Road 70 North, Truro L7C 1T1, built in «17/03/1955» and featuring original woodwork and a 70-year‑old hardwood …",,,
openpii-20952749,8,AGE,70,"…, built in 17/03/1955 and featuring original woodwork and a «70»-year‑old hardwood floor. Please contact me at 00-20.75 18-4…",,,
openpii-20952749,9,TELEPHONENUM,00-20.75 18-49,…work and a 70-year‑old hardwood floor. Please contact me at «00-20.75 18-49» or reply to A@outlook.com to schedule a private tour.…,,,
openpii-20952749,10,EMAIL,A@outlook.com,…wood floor. Please contact me at 00-20.75 18-49 or reply to «A@outlook.com» to schedule a private tour.…,,,
openpii-21088401,0,TITLE,Madame,"…Dear «Madame» That Jovica Paksi, please review the proposed asthma‑friend…",,,
openpii-21088401,1,GIVENNAME,That Jovica,"…Dear Madame «That Jovica» Paksi, please review the proposed asthma‑friendly zone plan…",,,
openpii-21088401,2,SURNAME,Paksi,"…Dear Madame That Jovica «Paksi», please review the proposed asthma‑friendly zone plan for 5…",,,
openpii-21088401,3,BUILDINGNUM,55675,"…i, please review the proposed asthma‑friendly zone plan for «55675» Southeast 180th Street, Lincoln ZIP 33527 slated for implem…",,,
openpii-21088401,4,STREET,Southeast 180th Street,"…ase review the proposed asthma‑friendly zone plan for 55675 «Southeast 180th Street», Lincoln ZIP 33527 slated for implementation on 1969-02-13T…",,,
openpii-21088401,5,CITY,Lincoln,"…asthma‑friendly zone plan for 55675 Southeast 180th Street, «Lincoln» ZIP 33527 slated for implementation on 1969-02-13T00:00:00.…",,,
openpii-21088401,6,ZIPCODE,33527,"…dly zone plan for 55675 Southeast 180th Street, Lincoln ZIP «33527» slated for implementation on 1969-02-13T00:00:00.…",,,
openpii-21088401,7,DATE,1969-02-13T00:00:00,"…80th Street, Lincoln ZIP 33527 slated for implementation on «1969-02-13T00:00:00».…",,,
openpii-20952531,0,GIVENNAME,Hortence,…«Hortence»: 'Looking forward to our digital declutter workshop on 2020…,,,
openpii-20952531,1,DATE,2020-09-26T00:00:00,…ence: 'Looking forward to our digital declutter workshop on «2020-09-26T00:00:00» at the co‑working space on Coquitlam Branch 510 near Tawati…,,,
openpii-20952531,2,STREET,Coquitlam Branch 510,… workshop on 2020-09-26T00:00:00 at the co‑working space on «Coquitlam Branch 510» near Tawatinaw.' Canan: 'I’ll bring my tablet and a printed…,,,
openpii-20952531,3,CITY,Tawatinaw,…:00:00 at the co‑working space on Coquitlam Branch 510 near «Tawatinaw».' Canan: 'I’ll bring my tablet and a printed copy of the mi…,,,
openpii-20952531,4,GIVENNAME,Canan,…e co‑working space on Coquitlam Branch 510 near Tawatinaw.' «Canan»: 'I’ll bring my tablet and a printed copy of the minimalist…,,,
openpii-20952531,5,TELEPHONENUM,009-1063 3799,"…inted copy of the minimalist manifesto; you can reach me at «009-1063 3799» if anything changes.' Sarankan Abdirahim: 'Great, I’ll also…",,,
openpii-20952531,6,GIVENNAME,Sarankan Abdirahim,"…to; you can reach me at 009-1063 3799 if anything changes.' «Sarankan Abdirahim»: 'Great, I’ll also forward the agenda to TDK@gmail.com and …",,,
openpii-20952531,7,EMAIL,TDK@gmail.com,"…Sarankan Abdirahim: 'Great, I’ll also forward the agenda to «TDK@gmail.com» and confirm attendance by tomorrow.'…",,,
openpii-21005081,0,TAXNUM,21240-84009,"…For billing purposes, kindly confirm your «21240-84009» and let us know if you prefer the charge to be applied to y…",,,
openpii-21005081,1,CREDITCARDNUMBER,675999033130,… let us know if you prefer the charge to be applied to your «675999033130»; any queries can be directed to +44086 616-9326 or elnyogo@…,,,
openpii-21005081,2,TELEPHONENUM,+44086 616-9326,…pplied to your 675999033130; any queries can be directed to «+44086 616-9326» or elnyogo@gmail.com.…,,,
openpii-21005081,3,EMAIL,elnyogo@gmail.com,…99033130; any queries can be directed to +44086 616-9326 or «elnyogo@gmail.com».…,,,
openpii-20908743,0,TITLE,Madame,"…«Madame» Akwasi Sele writes: ""In my latest essay on maritime narrati…",,,
openpii-20908743,1,GIVENNAME,Akwasi,"…Madame «Akwasi» Sele writes: ""In my latest essay on maritime narratives, I …",,,
openpii-20908743,2,SURNAME,Sele,"…Madame Akwasi «Sele» writes: ""In my latest essay on maritime narratives, I draw …",,,
openpii-21086297,0,GIVENNAME,Kantharuban Aga,… below to align with the new holistic framework. Full Name: «Kantharuban Aga» Cascais; Date of Birth: 1976-10-25T00:00:00; Age: 36; Sex: …,,,
openpii-21086297,1,SURNAME,Cascais,…with the new holistic framework. Full Name: Kantharuban Aga «Cascais»; Date of Birth: 1976-10-25T00:00:00; Age: 36; Sex: Female; …,,,
openpii-21086297,2,DATE,1976-10-25T00:00:00,…amework. Full Name: Kantharuban Aga Cascais; Date of Birth: «1976-10-25T00:00:00»; Age: 36; Sex: Female; Gender Identity: Androgynous; Additi…,,,
openpii-21086297,3,AGE,36,…ruban Aga Cascais; Date of Birth: 1976-10-25T00:00:00; Age: «36»; Sex: Female; Gender Identity: Androgynous; Additional iden…,,,
openpii-21086297,4,SEX,Female,… Cascais; Date of Birth: 1976-10-25T00:00:00; Age: 36; Sex: «Female»; Gender Identity: Androgynous; Additional identifiers: Soci…,,,
openpii-21086297,5,GENDER,Androgynous,…1976-10-25T00:00:00; Age: 36; Sex: Female; Gender Identity: «Androgynous»; Additional identifiers: Social Security No. 658-55-2603; T…,,,
openpii-21086297,6,SOCIALNUM,658-55-2603,…y: Androgynous; Additional identifiers: Social Security No. «658-55-2603»; Tax ID 72667 24488; Passport No. 931399222; Current addres…,,,
openpii-21086297,7,TAXNUM,72667 24488,…tional identifiers: Social Security No. 658-55-2603; Tax ID «72667 24488»; Passport No. 931399222; Current address: 16145 Fern Valley…,,,
openpii-21086297,8,PASSPORTNUM,931399222,"… Security No. 658-55-2603; Tax ID 72667 24488; Passport No. «931399222»; Current address: 16145 Fern Valley Road, Kenockee;…",,,
openpii-21086297,9,BUILDINGNUM,16145,"…ax ID 72667 24488; Passport No. 931399222; Current address: «16145» Fern Valley Road, Kenockee;…",,,
openpii-21086297,10,STREET,Fern Valley Road,"…72667 24488; Passport No. 931399222; Current address: 16145 «Fern Valley Road», Kenockee;…",,,
openpii-21086297,11,CITY,Kenockee,"…ort No. 931399222; Current address: 16145 Fern Valley Road, «Kenockee»;…",,,
openpii-20948724,0,TITLE,Mrs,"…Executive Summary (Prepared by «Mrs» Florijeta Rubattino Preiß Schmiedtgen, Email: JGD@tutanota.…",,,
openpii-20948724,1,GIVENNAME,Florijeta,"…Executive Summary (Prepared by Mrs «Florijeta» Rubattino Preiß Schmiedtgen, Email: JGD@tutanota.com): The …",,,
openpii-20948724,2,SURNAME,Rubattino Preiß Schmiedtgen,"…Executive Summary (Prepared by Mrs Florijeta «Rubattino Preiß Schmiedtgen», Email: JGD@tutanota.com): The analysis indicates that cons…",,,
openpii-20948724,3,EMAIL,JGD@tutanota.com,"…epared by Mrs Florijeta Rubattino Preiß Schmiedtgen, Email: «JGD@tutanota.com»): The analysis indicates that consumers aged 29–16 with a 3…",,,
openpii-20948724,4,AGE,29,…D@tutanota.com): The analysis indicates that consumers aged «29»–16 with a 3698433985632226 balance over $3578918979137977 a…,,,
openpii-20948724,5,AGE,16,…utanota.com): The analysis indicates that consumers aged 29–«16» with a 3698433985632226 balance over $3578918979137977 are …,,,
openpii-20948724,6,CREDITCARDNUMBER,3698433985632226,…m): The analysis indicates that consumers aged 29–16 with a «3698433985632226» balance over $3578918979137977 are 2× more likely to experi…,,,
openpii-20948724,7,CREDITCARDNUMBER,3578918979137977,"… consumers aged 29–16 with a 3698433985632226 balance over $«3578918979137977» are 2× more likely to experience financial‑literacy gaps, e…",,,
openpii-20948724,8,SOCIALNUM,0328108036,"…o experience financial‑literacy gaps, especially when their «0328108036» is not linked to a financial‑education program.…",,,
openpii-21087626,0,CITY,Los Banos,…Employees in the «Los Banos» hub should confirm their availability via email to adamanau…,,,
openpii-21087626,1,EMAIL,adamanaujla@outlook.com,…os Banos hub should confirm their availability via email to «adamanaujla@outlook.com» no later than 11/04/2003.…,,,
openpii-21087626,2,DATE,11/04/2003,…lability via email to adamanaujla@outlook.com no later than «11/04/2003».…,,,
openpii-20992749,0,DATE,21/12/2015,…All staff members born after «21/12/2015» must provide a copy of their 692769874 or WZ20787IA to the …,,,
openpii-20992749,1,PASSPORTNUM,692769874,… members born after 21/12/2015 must provide a copy of their «692769874» or WZ20787IA to the HR department to verify eligibility for…,,,
openpii-20992749,2,IDCARDNUM,WZ20787IA,… after 21/12/2015 must provide a copy of their 692769874 or «WZ20787IA» to the HR department to verify eligibility for the newly‑re…,,,
openpii-20992749,3,DATE,February/51,"…ter, as stipulated in the updated immunisation policy dated «February/51».…",,,
openpii-21096558,0,GENDER,Not specified,"…For participants like «Not specified» Rosakutty Inanç living in Tampa (19953-2911), the weekly sc…",,,
openpii-21096558,1,GIVENNAME,Rosakutty Inanç,"…For participants like Not specified «Rosakutty Inanç» living in Tampa (19953-2911), the weekly schedule includes …",,,
openpii-21096558,2,CITY,Tampa,"…r participants like Not specified Rosakutty Inanç living in «Tampa» (19953-2911), the weekly schedule includes a 30‑minute walk…",,,
openpii-21096558,3,ZIPCODE,19953-2911,"…cipants like Not specified Rosakutty Inanç living in Tampa («19953-2911»), the weekly schedule includes a 30‑minute walk on 1966-06-…",,,
openpii-21096558,4,DATE,1966-06-30T00:00:00,"…953-2911), the weekly schedule includes a 30‑minute walk on «1966-06-30T00:00:00» mornings, and we’ll need a copy of your 809121633096 for he…",,,
openpii-21096558,5,IDCARDNUM,809121633096,"…1966-06-30T00:00:00 mornings, and we’ll need a copy of your «809121633096» for health‑safety records.…",,,
openpii-20988702,0,DATE,09/09/1984,"…od Nutrition Intake Form – Please fill in all fields before «09/09/1984»:  1. Name: Mister Yeimy Contessa 2. Address: 79 Green Lane,…",,,
openpii-20988702,1,TITLE,Mister,"…rm – Please fill in all fields before 09/09/1984:  1. Name: «Mister» Yeimy Contessa 2. Address: 79 Green Lane, York – TF6 3. Con…",,,
openpii-20988702,2,GIVENNAME,Yeimy,"…ease fill in all fields before 09/09/1984:  1. Name: Mister «Yeimy» Contessa 2. Address: 79 Green Lane, York – TF6 3. Contact: …",,,
openpii-20988702,3,SURNAME,Contessa,"…ill in all fields before 09/09/1984:  1. Name: Mister Yeimy «Contessa» 2. Address: 79 Green Lane, York – TF6 3. Contact: Email – j…",,,
openpii-20988702,4,BUILDINGNUM,79,"…ore 09/09/1984:  1. Name: Mister Yeimy Contessa 2. Address: «79» Green Lane, York – TF6 3. Contact: Email – juaquatrini@prot…",,,
openpii-20988702,5,STREET,Green Lane,"… 09/09/1984:  1. Name: Mister Yeimy Contessa 2. Address: 79 «Green Lane», York – TF6 3. Contact: Email – juaquatrini@protonmail.com;…",,,
openpii-20988702,6,CITY,York,"…  1. Name: Mister Yeimy Contessa 2. Address: 79 Green Lane, «York» – TF6 3. Contact: Email – juaquatrini@protonmail.com; Phone…",,,
openpii-20988702,7,ZIPCODE,TF6,"…me: Mister Yeimy Contessa 2. Address: 79 Green Lane, York – «TF6» 3. Contact: Email – juaquatrini@protonmail.com; Phone – 004…",,,
openpii-20988702,8,EMAIL,juaquatrini@protonmail.com,"…a 2. Address: 79 Green Lane, York – TF6 3. Contact: Email – «juaquatrini@protonmail.com»; Phone – 004454004.6457 4. Personal Details: DOB – 23/12/19…",,,
openpii-20988702,9,TELEPHONENUM,004454004.6457,…TF6 3. Contact: Email – juaquatrini@protonmail.com; Phone – «004454004.6457» 4. Personal Details: DOB – 23/12/1937; Age – 52; Sex – F; G…,,,
openpii-20988702,10,DATE,23/12/1937,…mail.com; Phone – 004454004.6457 4. Personal Details: DOB – «23/12/1937»; Age – 52; Sex – F; Gender – Androgynous 5. Identification:…,,,
openpii-20988702,11,AGE,52,…004454004.6457 4. Personal Details: DOB – 23/12/1937; Age – «52»; Sex – F; Gender – Androgynous 5. Identification: Passport …,,,
openpii-20988702,12,SEX,F,…6457 4. Personal Details: DOB – 23/12/1937; Age – 52; Sex – «F»; Gender – Androgynous 5. Identification: Passport No – 3096…,,,
openpii-20988702,13,GENDER,Androgynous,…onal Details: DOB – 23/12/1937; Age – 52; Sex – F; Gender – «Androgynous» 5. Identification: Passport No – 309674083; Driver’s Licenc…,,,
openpii-20988702,14,PASSPORTNUM,309674083,… – F; Gender – Androgynous 5. Identification: Passport No – «309674083»; Driver’s Licence – DENNI141110D9720; Tax ID – 28463 98081 …,,,
openpii-20988702,15,DRIVERLICENSENUM,DENNI141110D9720,…Identification: Passport No – 309674083; Driver’s Licence – «DENNI141110D9720»; Tax ID – 28463 98081 6. Payment: Credit Card – 63049651782…,,,
openpii-20988702,16,TAXNUM,28463 98081,… – 309674083; Driver’s Licence – DENNI141110D9720; Tax ID – «28463 98081» 6. Payment: Credit Card – 63049651782480155 (masked).…,,,
openpii-20988702,17,CREDITCARDNUMBER,63049651782480155,…141110D9720; Tax ID – 28463 98081 6. Payment: Credit Card – «63049651782480155» (masked).…,,,
openpii-20926501,0,TITLE,Miss,"…In the opening paragraph of the conference paper, «Miss» Shalom Fljori Cagalj (born on 16/11/1987) argues that the e…",,,
openpii-20926501,1,GIVENNAME,Shalom Fljori,"…In the opening paragraph of the conference paper, Miss «Shalom Fljori» Cagalj (born on 16/11/1987) argues that the earliest villai…",,,
openpii-20926501,2,SURNAME,Cagalj,"…ening paragraph of the conference paper, Miss Shalom Fljori «Cagalj» (born on 16/11/1987) argues that the earliest villains were…",,,
openpii-20926501,3,DATE,16/11/1987,"…of the conference paper, Miss Shalom Fljori Cagalj (born on «16/11/1987») argues that the earliest villains were archetypal ""evil mo…",,,
openpii-20926501,4,CITY,Coquitlam,…methodology section cites archival sources from the city of «Coquitlam» (postal code B3Z 3T4) and includes interviews with contempo…,,,
openpii-20926501,5,ZIPCODE,B3Z 3T4,…es archival sources from the city of Coquitlam (postal code «B3Z 3T4») and includes interviews with contemporary creators reachab…,,,
openpii-20926501,6,EMAIL,caspmeisser@aol.com,"…includes interviews with contemporary creators reachable at «caspmeisser@aol.com» or by phone at 0033.24-122-1519. Later, the study introduce…",,,
openpii-20926501,7,TELEPHONENUM,0033.24-122-1519,"…ry creators reachable at caspmeisser@aol.com or by phone at «0033.24-122-1519». Later, the study introduces a statistical model that corre…",,,
openpii-20926501,8,AGE,22,"…uces a statistical model that correlates the villain's age («22») with the complexity of their backstory, noting that younge…",,,
openpii-20926501,9,SEX,Male,"…es, prompting scholars to reassess the binary categories of «Male» and Non-binary.…",,,
openpii-20926501,10,GENDER,Non-binary,…ting scholars to reassess the binary categories of Male and «Non-binary».…,,,
openpii-21080128,0,CREDITCARDNUMBER,3512235448654637,…al tracking via the trust’s corporate credit card ending in «3512235448654637» and a supplemental pledge from the family office of Rüya Fo…,,,
openpii-21080128,1,GIVENNAME,Rüya,…8654637 and a supplemental pledge from the family office of «Rüya» Fond (contact: +96 81 049 9526; email: AS@outlook.com).  Th…,,,
openpii-21080128,2,SURNAME,Fond,…37 and a supplemental pledge from the family office of Rüya «Fond» (contact: +96 81 049 9526; email: AS@outlook.com).  The mem…,,,
openpii-21080128,3,TELEPHONENUM,+96 81 049 9526,…mental pledge from the family office of Rüya Fond (contact: «+96 81 049 9526»; email: AS@outlook.com).  The memo further states that any …,,,
openpii-21080128,4,EMAIL,AS@outlook.com,…amily office of Rüya Fond (contact: +96 81 049 9526; email: «AS@outlook.com»).  The memo further states that any new acquisition must be…,,,
openpii-21080128,5,DRIVERLICENSENUM,7RTD0BSEXNQ0G,…ion must be recorded under the trust’s registration number («7RTD0BSEXNQ0G») and that the legal counsel will verify compliance with the…,,,
openpii-21080128,6,DATE,03/17/2023,"…at the legal counsel will verify compliance with the latest «03/17/2023» regulations before final approval, while the trustees will …",,,
openpii-21080128,7,STREET,West Chapman Avenue,…e quarterly performance dashboards at their home offices on «West Chapman Avenue» 9882 in Casa Grande.…,,,
openpii-21080128,8,BUILDINGNUM,9882,…nce dashboards at their home offices on West Chapman Avenue «9882» in Casa Grande.…,,,
openpii-21080128,9,CITY,Casa Grande,…boards at their home offices on West Chapman Avenue 9882 in «Casa Grande».…,,,
openpii-21098420,0,DATE,5th November 2018,…The annual biodiversity audit on «5th November 2018» will be overseen by Mstr Juan-Carlos Douara of the regional…,,,
openpii-21098420,1,TITLE,Mstr,…biodiversity audit on 5th November 2018 will be overseen by «Mstr» Juan-Carlos Douara of the regional environmental agency.…,,,
openpii-21098420,2,GIVENNAME,Juan-Carlos,…versity audit on 5th November 2018 will be overseen by Mstr «Juan-Carlos» Douara of the regional environmental agency.…,,,
openpii-21098420,3,SURNAME,Douara,…t on 5th November 2018 will be overseen by Mstr Juan-Carlos «Douara» of the regional environmental agency.…,,,
openpii-20998093,0,GIVENNAME,Aïchatou,"…During the briefing, Dr. «Aïchatou» Perrotey highlighted funding constraints and reminded the t…",,,
openpii-20998093,1,SURNAME,Perrotey,"…During the briefing, Dr. Aïchatou «Perrotey» highlighted funding constraints and reminded the team to se…",,,
openpii-20998093,2,CREDITCARDNUMBER,67636338980853,…t covers expenses up to the limit shown on the credit card («67636338980853») and that a valid passport (464622386) and driver’s licence…,,,
openpii-20998093,3,PASSPORTNUM,464622386,…the credit card (67636338980853) and that a valid passport («464622386») and driver’s licence (WAQAR 151102 W9 209) must be present…,,,
openpii-20998093,4,DRIVERLICENSENUM,WAQAR 151102 W9 209,…and that a valid passport (464622386) and driver’s licence («WAQAR 151102 W9 209») must be presented at customs.…,,,
openpii-20912554,0,GIVENNAME,Liddy,"…Subject: Feedback – Your Playwriting Submission Hello «Liddy» Vedeler, Thank you for sending your manuscript to the compe…",,,
openpii-20912554,1,SURNAME,Vedeler,"…Subject: Feedback – Your Playwriting Submission Hello Liddy «Vedeler», Thank you for sending your manuscript to the competition; …",,,
openpii-20912554,2,DATE,12/12/1987,"…nding your manuscript to the competition; we received it on «12/12/1987» at our downtown office located at Highway 48 #10511, Pember…",,,
openpii-20912554,3,STREET,Highway 48,"…received it on 12/12/1987 at our downtown office located at «Highway 48» #10511, Pemberton (postal code G2G). Our judging panel was …",,,
openpii-20912554,4,BUILDINGNUM,10511,"…on 12/12/1987 at our downtown office located at Highway 48 #«10511», Pemberton (postal code G2G). Our judging panel was impress…",,,
openpii-20912554,5,CITY,Pemberton,"…2/1987 at our downtown office located at Highway 48 #10511, «Pemberton» (postal code G2G). Our judging panel was impressed by the o…",,,
openpii-20912554,6,ZIPCODE,G2G,"…office located at Highway 48 #10511, Pemberton (postal code «G2G»). Our judging panel was impressed by the originality of you…",,,
openpii-20912554,7,EMAIL,adhritcorina@gmail.com,"…ike a more detailed critique, please reply to this email at «adhritcorina@gmail.com» or call us at +30 41788.7212. We wish you continued success…",,,
openpii-20912554,8,TELEPHONENUM,+30 41788.7212,…reply to this email at adhritcorina@gmail.com or call us at «+30 41788.7212». We wish you continued success in your writing endeavors an…,,,
openpii-20996733,0,TITLE,Miss,…«Miss» Regjep Cinaglia Rohweder\n24th August 1992\nSubject: Electr…,,,
openpii-20996733,1,GIVENNAME,Regjep,…Miss «Regjep» Cinaglia Rohweder\n24th August 1992\nSubject: Electronics M…,,,
openpii-20996733,2,SURNAME,Cinaglia Rohweder,…Miss Regjep «Cinaglia Rohweder»\n24th August 1992\nSubject: Electronics Market Growth Proje…,,,
openpii-20996733,3,DATE,24th August 1992,…Miss Regjep Cinaglia Rohweder\n«24th August 1992»\nSubject: Electronics Market Growth Projections\n\nDear Mis…,,,
openpii-20996733,4,TITLE,Mister,"…992\nSubject: Electronics Market Growth Projections\n\nDear «Mister» Ajin Skeggs,\n\nOur latest analysis indicates a strong upwa…",,,
openpii-20996733,5,GIVENNAME,Ajin,"…bject: Electronics Market Growth Projections\n\nDear Mister «Ajin» Skeggs,\n\nOur latest analysis indicates a strong upward tr…",,,
openpii-20996733,6,SURNAME,Skeggs,"…: Electronics Market Growth Projections\n\nDear Mister Ajin «Skeggs»,\n\nOur latest analysis indicates a strong upward trend in …",,,
openpii-20996733,7,CITY,Batley,… a strong upward trend in consumer electronics sales across «Batley». The forecasted growth rate for the next fiscal year is 6.8…,,,
openpii-20996733,8,GIVENNAME,Solano,"…th rate for the next fiscal year is 6.8%.\n\nKind regards,\n«Solano» Niekrewicz\nA@hotmail.com\n+44-26 238-2602…",,,
openpii-20996733,9,SURNAME,Niekrewicz,"… for the next fiscal year is 6.8%.\n\nKind regards,\nSolano «Niekrewicz»\nA@hotmail.com\n+44-26 238-2602…",,,
openpii-20996733,10,EMAIL,A@hotmail.com,"…t fiscal year is 6.8%.\n\nKind regards,\nSolano Niekrewicz\n«A@hotmail.com»\n+44-26 238-2602…",,,
openpii-20996733,11,TELEPHONENUM,+44-26 238-2602,"…s 6.8%.\n\nKind regards,\nSolano Niekrewicz\nA@hotmail.com\n«+44-26 238-2602»…",,,
openpii-20912717,0,DATE,1964-10-25T00:00:00,"…The new verification algorithm, version «1964-10-25T00:00:00», employs hash‑based matching of the 4612850394 and 71176099…",,,
openpii-20912717,1,SOCIALNUM,4612850394,"…ion 1964-10-25T00:00:00, employs hash‑based matching of the «4612850394» and 7117609972 fields to ensure privacy while maintaining a…",,,
openpii-20912717,2,TAXNUM,7117609972,"…00:00:00, employs hash‑based matching of the 4612850394 and «7117609972» fields to ensure privacy while maintaining accuracy. During…",,,
openpii-20912717,3,CITY,Corman Park,"…ure privacy while maintaining accuracy. During the pilot in «Corman Park» (postal code M6A 1T2), records of individuals aged 74 to 53…",,,
openpii-20912717,4,ZIPCODE,M6A 1T2,"…ning accuracy. During the pilot in Corman Park (postal code «M6A 1T2»), records of individuals aged 74 to 53 were processed in un…",,,
openpii-20912717,5,AGE,74,"…man Park (postal code M6A 1T2), records of individuals aged «74» to 53 were processed in under 2 seconds per entry. Edge cas…",,,
openpii-20912717,6,AGE,53,"…rk (postal code M6A 1T2), records of individuals aged 74 to «53» were processed in under 2 seconds per entry. Edge cases inv…",,,
openpii-20912717,7,SEX,F,… under 2 seconds per entry. Edge cases involving mismatched «F» or Genderfluid identifiers trigger a secondary validation s…,,,
openpii-20912717,8,GENDER,Genderfluid,…r 2 seconds per entry. Edge cases involving mismatched F or «Genderfluid» identifiers trigger a secondary validation step that requir…,,,
openpii-20912717,9,IDCARDNUM,BX5JCE8G7K,…at requires the applicant to upload a scanned copy of their «BX5JCE8G7K» via a secure portal.…,,,
openpii-20983048,0,DATE,12/04/1994,"…SMS Reminder (sent on «12/04/1994»): Hi Eetu, your first Healing Arts session is tomorrow at 1…",,,
openpii-20983048,1,GIVENNAME,Eetu,"…SMS Reminder (sent on 12/04/1994): Hi «Eetu», your first Healing Arts session is tomorrow at 10:00 AM at…",,,
openpii-20983048,2,STREET,Entry Hill Drive,"… your first Healing Arts session is tomorrow at 10:00 AM at «Entry Hill Drive» 659, Chesterfield Staveley TA2 7NJ, TA2 7NN. Please bring a…",,,
openpii-20983048,3,BUILDINGNUM,659,"…ng Arts session is tomorrow at 10:00 AM at Entry Hill Drive «659», Chesterfield Staveley TA2 7NJ, TA2 7NN. Please bring a val…",,,
openpii-20983048,4,CITY,Chesterfield Staveley,"…ts session is tomorrow at 10:00 AM at Entry Hill Drive 659, «Chesterfield Staveley» TA2 7NJ, TA2 7NN. Please bring a valid ID (GD84815DD) and y…",,,
openpii-20983048,5,ZIPCODE,"TA2 7NJ, TA2 7NN","… at 10:00 AM at Entry Hill Drive 659, Chesterfield Staveley «TA2 7NJ, TA2 7NN». Please bring a valid ID (GD84815DD) and your health insura…",,,
openpii-20983048,6,IDCARDNUM,GD84815DD,"…erfield Staveley TA2 7NJ, TA2 7NN. Please bring a valid ID («GD84815DD») and your health insurance card.…",,,
openpii-20938374,0,GIVENNAME,Désiré,"…For safety compliance, «Désiré» Westergaard must take a 20‑minute lunch break between 12:00…",,,
openpii-20938374,1,SURNAME,Westergaard,"…For safety compliance, Désiré «Westergaard» must take a 20‑minute lunch break between 12:00 and 14:00, …",,,
openpii-20938374,2,TELEPHONENUM,+45-69 706-3068,"…and 14:00, and update the schedule on the system with their «+45-69 706-3068».…",,,
openpii-20944524,0,TITLE,Mister,"…Hello «Mister» Fenice, thanks for joining the recycling and upcycling patc…",,,
openpii-20944524,1,SURNAME,Fenice,"…Hello Mister «Fenice», thanks for joining the recycling and upcycling patch proje…",,,
openpii-20944524,2,EMAIL,2017BJ@aol.com,…and upcycling patch project; please send your contact email «2017BJ@aol.com» and phone 0097-039955849 so we can coordinate deliveries.…,,,
openpii-20944524,3,TELEPHONENUM,0097-039955849,…ct; please send your contact email 2017BJ@aol.com and phone «0097-039955849» so we can coordinate deliveries.…,,,
openpii-20920760,0,CREDITCARDNUMBER,4419340572640,"…The audit’s financial appendix lists a reimbursement of «4419340572640» for accessibility‑equipment purchases, and the associated t…",,,
openpii-20920760,1,TAXNUM,52020-36546,"…rchases, and the associated tax reference is recorded under «52020-36546».…",,,
openpii-20914277,0,TITLE,Assistant,"…«Assistant» Milona Muskima Vitas, a 9-year-old Male from Dunnville, ann…",,,
openpii-20914277,1,GIVENNAME,Milona Muskima,"…Assistant «Milona Muskima» Vitas, a 9-year-old Male from Dunnville, announced a new at…",,,
openpii-20914277,2,SURNAME,Vitas,"…Assistant Milona Muskima «Vitas», a 9-year-old Male from Dunnville, announced a new attempt …",,,
openpii-20914277,3,AGE,9,"…Assistant Milona Muskima Vitas, a «9»-year-old Male from Dunnville, announced a new attempt to br…",,,
openpii-20914277,4,SEX,Male,"…Assistant Milona Muskima Vitas, a 9-year-old «Male» from Dunnville, announced a new attempt to break the record…",,,
openpii-20914277,5,CITY,Dunnville,"…Assistant Milona Muskima Vitas, a 9-year-old Male from «Dunnville», announced a new attempt to break the record for most conse…",,,
openpii-20914277,6,DATE,"July 31st, 1948","…for most consecutive cartwheels. The event is scheduled for «July 31st, 1948» at the community centre located at 41 MacDonald Street, Nia…",,,
openpii-20914277,7,BUILDINGNUM,41,"…uled for July 31st, 1948 at the community centre located at «41» MacDonald Street, Niagara on the Lake, T0B 3M2. Participant…",,,
openpii-20914277,8,STREET,MacDonald Street,"…d for July 31st, 1948 at the community centre located at 41 «MacDonald Street», Niagara on the Lake, T0B 3M2. Participants can register vi…",,,
openpii-20914277,9,CITY,Niagara on the Lake,"…948 at the community centre located at 41 MacDonald Street, «Niagara on the Lake», T0B 3M2. Participants can register via email at tesfabou k…",,,
openpii-20914277,10,ZIPCODE,T0B 3M2,"…centre located at 41 MacDonald Street, Niagara on the Lake, «T0B 3M2». Participants can register via email at tesfabou khadd@gmai…",,,
openpii-20914277,11,EMAIL,tesfabou khadd@gmail.com,"…n the Lake, T0B 3M2. Participants can register via email at «tesfabou khadd@gmail.com» or call 5573-855 3258 for more information.…",,,
openpii-20914277,12,TELEPHONENUM,5573-855 3258,… can register via email at tesfabou khadd@gmail.com or call «5573-855 3258» for more information.…,,,
openpii-20995786,0,TITLE,Madame,"…Subject: Senior Travel Insurance Application  Dear «Madame» Jeyasanthan,  I am writing to request a comprehensive trave…",,,
openpii-20995786,1,SURNAME,Jeyasanthan,"…Subject: Senior Travel Insurance Application  Dear Madame «Jeyasanthan»,  I am writing to request a comprehensive travel insurance …",,,
openpii-20995786,2,GIVENNAME,Elizabeta,…ing overseas trip. My details are as follows:  - Full Name: «Elizabeta» Kachelmann Sangounchitte Valà - Date of Birth: 9th Septembe…,,,
openpii-20995786,3,SURNAME,Kachelmann Sangounchitte Valà,…as trip. My details are as follows:  - Full Name: Elizabeta «Kachelmann Sangounchitte Valà» - Date of Birth: 9th September 2006 - Age: 63 - Gender Iden…,,,
openpii-20995786,4,DATE,9th September 2006,…e: Elizabeta Kachelmann Sangounchitte Valà - Date of Birth: «9th September 2006» - Age: 63 - Gender Identity: Male - Email: 29KK@tutanota.co…,,,
openpii-20995786,5,AGE,63,…ngounchitte Valà - Date of Birth: 9th September 2006 - Age: «63» - Gender Identity: Male - Email: 29KK@tutanota.com - Phone:…,,,
openpii-20995786,6,GENDER,Male,…e of Birth: 9th September 2006 - Age: 63 - Gender Identity: «Male» - Email: 29KK@tutanota.com - Phone: 0857-47995974 - Residen…,,,
openpii-20995786,7,EMAIL,29KK@tutanota.com,…h September 2006 - Age: 63 - Gender Identity: Male - Email: «29KK@tutanota.com» - Phone: 0857-47995974 - Residential Address: 22 Boltslaw I…,,,
openpii-20995786,8,TELEPHONENUM,0857-47995974,"…- Gender Identity: Male - Email: 29KK@tutanota.com - Phone: «0857-47995974» - Residential Address: 22 Boltslaw Incline, South Petherton…",,,
openpii-20995786,9,BUILDINGNUM,22,"…@tutanota.com - Phone: 0857-47995974 - Residential Address: «22» Boltslaw Incline, South Petherton, BT39 9WD - Identificatio…",,,
openpii-20995786,10,STREET,Boltslaw Incline,"…tanota.com - Phone: 0857-47995974 - Residential Address: 22 «Boltslaw Incline», South Petherton, BT39 9WD - Identification: ID Card No. IT…",,,
openpii-20995786,11,CITY,South Petherton,"…: 0857-47995974 - Residential Address: 22 Boltslaw Incline, «South Petherton», BT39 9WD - Identification: ID Card No. IT87329EN - Driver’…",,,
openpii-20995786,12,ZIPCODE,BT39 9WD,"… Residential Address: 22 Boltslaw Incline, South Petherton, «BT39 9WD» - Identification: ID Card No. IT87329EN - Driver’s Licence …",,,
openpii-20995786,13,IDCARDNUM,IT87329EN,"…ne, South Petherton, BT39 9WD - Identification: ID Card No. «IT87329EN» - Driver’s Licence No.: MARIL750068M9098 - Social Security …",,,
openpii-20995786,14,DRIVERLICENSENUM,MARIL750068M9098,…entification: ID Card No. IT87329EN - Driver’s Licence No.: «MARIL750068M9098» - Social Security No.: 6617507901 - Tax Identification No.:…,,,
openpii-20995786,15,SOCIALNUM,6617507901,…iver’s Licence No.: MARIL750068M9098 - Social Security No.: «6617507901» - Tax Identification No.: 97765-58711 - Passport No.: 35868…,,,
openpii-20995786,16,TAXNUM,97765-58711,…- Social Security No.: 6617507901 - Tax Identification No.: «97765-58711» - Passport No.: 358680521 - Preferred Payment Card: 5316607…,,,
openpii-20995786,17,PASSPORTNUM,358680521,…07901 - Tax Identification No.: 97765-58711 - Passport No.: «358680521» - Preferred Payment Card: 5316607843356282  The intended tr…,,,
openpii-20995786,18,CREDITCARDNUMBER,5316607843356282,…5-58711 - Passport No.: 358680521 - Preferred Payment Card: «5316607843356282»  The intended travel period is from 02/12/1958 to 12/07/198…,,,
openpii-20995786,19,DATE,02/12/1958,… Card: 5316607843356282  The intended travel period is from «02/12/1958» to 12/07/1980 (two weeks). Please provide a quote that incl…,,,
openpii-20995786,20,DATE,12/07/1980,…843356282  The intended travel period is from 02/12/1958 to «12/07/1980» (two weeks). Please provide a quote that includes medical c…,,,
openpii-20995786,21,GIVENNAME,Aine,"…r of my age.  Thank you for your assistance.  Kind regards, «Aine» Peca…",,,
openpii-20995786,22,SURNAME,Peca,"…my age.  Thank you for your assistance.  Kind regards, Aine «Peca»…",,,
openpii-20983626,0,ZIPCODE,DN7,"…For billing, use the clinic's postcode «DN7» and credit card ending 6236536556881253; queries can be dir…",,,
openpii-20983626,1,CREDITCARDNUMBER,6236536556881253,"…lling, use the clinic's postcode DN7 and credit card ending «6236536556881253»; queries can be directed to the support line at +2 21.313 9…",,,
openpii-20983626,2,TELEPHONENUM,+2 21.313 9318,…36556881253; queries can be directed to the support line at «+2 21.313 9318».…,,,
openpii-21069189,0,TITLE,Mister,"…To Whom It May Concern, My name is «Mister» Hansuli Buhler Pant, and I have been a cardholder since 10/…",,,
openpii-21069189,1,GIVENNAME,Hansuli,"…To Whom It May Concern, My name is Mister «Hansuli» Buhler Pant, and I have been a cardholder since 10/07/1942,…",,,
openpii-21069189,2,SURNAME,Buhler Pant,"…To Whom It May Concern, My name is Mister Hansuli «Buhler Pant», and I have been a cardholder since 10/07/1942, holding acc…",,,
openpii-21069189,3,DATE,10/07/1942,"…ter Hansuli Buhler Pant, and I have been a cardholder since «10/07/1942», holding account number 3560198153436587. After reviewing m…",,,
openpii-21069189,4,CREDITCARDNUMBER,3560198153436587,"… been a cardholder since 10/07/1942, holding account number «3560198153436587». After reviewing my recent statements, I observed that the …",,,
openpii-21069189,5,AGE,17,"…t statements, I observed that the annual percentage rate of «17»% is considerably higher than the advertised promotional rat…",,,
openpii-21069189,6,AGE,31,…considerably higher than the advertised promotional rate of «31»% for customers with a tax identification number of 79938.98…,,,
openpii-21069189,7,TAXNUM,79938.98417,"…te of 31% for customers with a tax identification number of «79938.98417». In light of my impeccable payment record, as evidenced by …",,,
openpii-21069189,8,SOCIALNUM,943-98-8436,"…e payment record, as evidenced by my social security number «943-98-8436» and no late fees, I respectfully request a rate adjustment …",,,
openpii-21069189,9,DATE,1953-10-04T00:00:00,… tier. Please acknowledge receipt of this correspondence by «1953-10-04T00:00:00» and advise on the next steps.…,,,
openpii-20964401,0,GIVENNAME,Dijelza,"…Team Chat – Leadership Interns (12:45 PM): «Dijelza»: ""Hey everyone, does anyone have the latest template for th…",,,
openpii-20964401,1,TELEPHONENUM,+444.56.529 5008,"…s anyone have the latest template for the workshop agenda?"" «+444.56.529 5008»: ""Sure, I’ll drop the link here – https://example.com/agend…",,,
openpii-20964401,2,GIVENNAME,Léno Keisuke,"…Sure, I’ll drop the link here – https://example.com/agenda"" «Léno Keisuke» Mösle Sopper: ""Thanks! Also, I need a reminder to book the …",,,
openpii-20964401,3,SURNAME,Mösle Sopper,"…op the link here – https://example.com/agenda"" Léno Keisuke «Mösle Sopper»: ""Thanks! Also, I need a reminder to book the venue for nex…",,,
openpii-20964401,4,DATE,1956-05-22T00:00:00,"…lso, I need a reminder to book the venue for next Thursday, «1956-05-22T00:00:00»."" Zehrina: ""I’ve already booked it under reference 08562-86…",,,
openpii-20964401,5,GIVENNAME,Zehrina,"… to book the venue for next Thursday, 1956-05-22T00:00:00."" «Zehrina»: ""I’ve already booked it under reference 08562-86017."" Grac…",,,
openpii-20964401,6,TAXNUM,08562-86017,"…00:00:00."" Zehrina: ""I’ve already booked it under reference «08562-86017»."" Gracjana Murday Yamamori: ""Great, let’s also confirm the …",,,
openpii-20964401,7,GIVENNAME,Gracjana,"…rina: ""I’ve already booked it under reference 08562-86017."" «Gracjana» Murday Yamamori: ""Great, let’s also confirm the catering fo…",,,
openpii-20964401,8,SURNAME,Murday Yamamori,"…ve already booked it under reference 08562-86017."" Gracjana «Murday Yamamori»: ""Great, let’s also confirm the catering for 15 people – ca…",,,
openpii-20964401,9,GIVENNAME,Tizziana,"…o confirm the catering for 15 people – can you handle that, «Tizziana»?"" Tayssir: ""On it, I’ll confirm with the supplier by tomorr…",,,
openpii-20964401,10,GIVENNAME,Tayssir,"…he catering for 15 people – can you handle that, Tizziana?"" «Tayssir»: ""On it, I’ll confirm with the supplier by tomorrow."",…",,,
